date,symbol,close,entry_high_20,cash,n_positions,positions_detail,risk_budget_used_pct,signal_filter_state,rejection_point,detail
2014-02-07,510500.SH,3.237,3.2081,83740.16,1,,0.0,no_state,executed,shares=11200
2014-02-07,159915.SZ,1.498,1.48,60967.15,2,510500.SH:11200,0.99,no_state,executed,shares=15200
2014-02-10,518880.SH,2.501,2.487,1346.68,2,"510500.SH:22400,159915.SZ:30400",3.85,no_state,zero_shares,现金不足: 1347 < 65036
2014-02-11,518880.SH,2.515,2.501,1346.68,2,"510500.SH:22400,159915.SZ:30400",3.87,"last_win=None,consec_rej=0",zero_shares,现金不足: 1347 < 65400
2014-02-14,518880.SH,2.552,2.524,1346.68,2,"510500.SH:22400,159915.SZ:30400",3.85,"last_win=None,consec_rej=0",zero_shares,现金不足: 1347 < 68404
2014-02-17,518880.SH,2.596,2.553,1346.68,2,"510500.SH:22400,159915.SZ:30400",3.77,"last_win=None,consec_rej=0",zero_shares,现金不足: 1347 < 67246
2014-02-19,513100.SH,0.2391,0.2387,1346.68,2,"510500.SH:22400,159915.SZ:30400",3.79,no_state,zero_shares,现金不足: 1347 < 62893
2014-02-21,513100.SH,0.2405,0.2393,1346.68,2,"510500.SH:22400,159915.SZ:30400",3.86,"last_win=None,consec_rej=0",zero_shares,现金不足: 1347 < 59629
2014-02-25,513100.SH,0.2429,0.2407,56976.88,1,,0.0,"last_win=None,consec_rej=0",executed,shares=248600
2014-02-25,518880.SH,2.612,2.6,56976.88,1,513100.SH:248600,1.02,"last_win=None,consec_rej=0",zero_shares,现金不足: 56977 < 65310
2014-02-26,518880.SH,2.651,2.618,56976.88,1,513100.SH:248600,1.01,"last_win=None,consec_rej=0",zero_shares,现金不足: 56977 < 64429
2014-03-17,518880.SH,2.722,2.71,62009.77,1,,0.0,"last_win=None,consec_rej=0",executed,shares=20000
2014-04-09,510500.SH,3.2809,3.275,114161.95,0,,0.0,"last_win=False,consec_rej=0",signal_filter,上次交易亏损出场（连续拒绝1次），跳过
2014-04-10,510500.SH,3.2956,3.2809,114161.95,0,,0.0,"last_win=False,consec_rej=1",signal_filter,上次交易亏损出场（连续拒绝2次），跳过
2014-05-13,513100.SH,0.2371,0.2363,114161.95,0,,0.0,"last_win=False,consec_rej=0",signal_filter,上次交易亏损出场（连续拒绝1次），跳过
2014-05-14,513100.SH,0.2379,0.2373,114161.95,0,,0.0,"last_win=False,consec_rej=1",signal_filter,上次交易亏损出场（连续拒绝2次），跳过
2014-05-22,513100.SH,0.2393,0.2383,114161.95,0,,0.0,"last_win=False,consec_rej=2",signal_filter,上次交易亏损出场（连续拒绝3次），跳过
2014-05-23,513100.SH,0.2403,0.2395,54150.04,1,,0.0,"last_win=False,consec_rej=3",executed,shares=249700
2014-05-28,510500.SH,3.1583,3.1377,54150.04,1,513100.SH:249700,0.99,"last_win=False,consec_rej=2",signal_filter,上次交易亏损出场（连续拒绝3次），跳过
2014-05-28,159915.SZ,1.314,1.297,54150.04,1,513100.SH:249700,0.99,"last_win=False,consec_rej=0",signal_filter,上次交易亏损出场（连续拒绝1次），跳过
2014-06-05,159915.SZ,1.325,1.321,54150.04,1,513100.SH:249700,0.99,"last_win=False,consec_rej=1",signal_filter,上次交易亏损出场（连续拒绝2次），跳过
2014-06-11,159915.SZ,1.337,1.335,54150.04,1,513100.SH:249700,0.98,"last_win=False,consec_rej=2",signal_filter,上次交易亏损出场（连续拒绝3次），跳过
2014-06-13,510500.SH,3.1875,3.1698,11749.93,2,513100.SH:249700,0.99,"last_win=False,consec_rej=3",executed,shares=13300
2014-06-13,159915.SZ,1.35,1.347,11749.93,2,"513100.SH:249700,510500.SH:13300",1.98,"last_win=False,consec_rej=3",zero_shares,现金不足: 11750 < 26464
2014-06-16,159915.SZ,1.363,1.359,11749.93,2,"513100.SH:249700,510500.SH:13300",1.98,"last_win=False,consec_rej=3",zero_shares,现金不足: 11750 < 27128
2014-06-20,518880.SH,2.627,2.601,52622.68,1,513100.SH:249700,1.0,"last_win=False,consec_rej=0",signal_filter,上次交易亏损出场（连续拒绝1次），跳过
2014-06-23,518880.SH,2.637,2.63,52622.68,1,513100.SH:249700,1.0,"last_win=False,consec_rej=1",signal_filter,上次交易亏损出场（连续拒绝2次），跳过
2014-06-30,510500.SH,3.2196,3.205,52622.68,1,513100.SH:249700,0.99,"last_win=False,consec_rej=0",signal_filter,上次交易亏损出场（连续拒绝1次），跳过
2014-06-30,159915.SZ,1.372,1.368,25041.34,2,513100.SH:249700,0.99,"last_win=False,consec_rej=3",executed,shares=20100
2014-07-01,510500.SH,3.243,3.2224,25041.34,2,"513100.SH:249700,159915.SZ:20100",1.97,"last_win=False,consec_rej=1",signal_filter,上次交易亏损出场（连续拒绝2次），跳过
2014-07-02,510500.SH,3.2663,3.243,25041.34,2,"513100.SH:249700,159915.SZ:20100",1.95,"last_win=False,consec_rej=2",signal_filter,上次交易亏损出场（连续拒绝3次），跳过
2014-07-03,510500.SH,3.2987,3.2663,25041.34,2,"513100.SH:249700,159915.SZ:20100",1.95,"last_win=False,consec_rej=3",zero_shares,现金不足: 25041 < 46519
2014-07-08,510500.SH,3.3189,3.3074,25041.34,2,"513100.SH:249700,159915.SZ:20100",1.94,"last_win=False,consec_rej=3",zero_shares,现金不足: 25041 < 48463
2014-07-11,518880.SH,2.669,2.66,51810.52,1,513100.SH:249700,0.99,"last_win=False,consec_rej=2",signal_filter,上次交易亏损出场（连续拒绝3次），跳过
2014-07-14,510500.SH,3.3569,3.3249,5142.61,2,513100.SH:249700,0.99,"last_win=False,consec_rej=3",executed,shares=13900
2014-07-24,513100.SH,0.2627,0.2615,69530.58,1,510500.SH:13900,0.99,"last_win=True,consec_rej=0",zero_shares,现金不足: 69531 < 69731
2014-08-11,159915.SZ,1.366,1.351,22576.29,1,510500.SH:27800,1.87,"last_win=False,consec_rej=0",signal_filter,上次交易亏损出场（连续拒绝1次），跳过
2014-08-18,159915.SZ,1.396,1.371,22576.29,1,510500.SH:27800,1.83,"last_win=False,consec_rej=1",signal_filter,上次交易亏损出场（连续拒绝2次），跳过
2014-08-19,159915.SZ,1.404,1.396,22576.29,1,510500.SH:27800,1.83,"last_win=False,consec_rej=2",signal_filter,上次交易亏损出场（连续拒绝3次），跳过
2014-08-19,513100.SH,0.2649,0.2631,22576.29,1,510500.SH:27800,1.83,"last_win=True,consec_rej=0",zero_shares,现金不足: 22576 < 79694
2014-08-20,513100.SH,0.2665,0.2649,22576.29,1,510500.SH:27800,1.83,"last_win=True,consec_rej=0",zero_shares,现金不足: 22576 < 80175
2014-08-22,159915.SZ,1.429,1.418,22576.29,1,510500.SH:27800,1.82,"last_win=False,consec_rej=3",zero_shares,现金不足: 22576 < 34158
2014-08-25,513100.SH,0.2673,0.2667,22576.29,1,510500.SH:27800,1.83,"last_win=True,consec_rej=0",zero_shares,现金不足: 22576 < 88650
2014-08-26,513100.SH,0.2695,0.2673,22576.29,1,510500.SH:27800,1.86,"last_win=True,consec_rej=0",zero_shares,现金不足: 22576 < 88221
2014-08-27,513100.SH,0.2699,0.2695,22576.29,1,510500.SH:27800,1.86,"last_win=True,consec_rej=0",zero_shares,现金不足: 22576 < 84005
2014-09-02,510500.SH,3.7606,3.7313,77886.37,1,,0.0,"last_win=True,consec_rej=0",executed,shares=12200
2014-09-03,159915.SZ,1.439,1.435,31693.9,1,510500.SH:24400,1.97,"last_win=False,consec_rej=3",zero_shares,现金不足: 31694 < 34253
2014-09-04,159915.SZ,1.457,1.443,31693.9,1,510500.SH:24400,1.96,"last_win=False,consec_rej=3",zero_shares,现金不足: 31694 < 34828
2014-09-10,159915.SZ,1.467,1.466,31693.9,1,510500.SH:24400,1.94,"last_win=False,consec_rej=3",zero_shares,现金不足: 31694 < 36094
2014-09-11,159915.SZ,1.471,1.469,31693.9,1,510500.SH:24400,1.95,"last_win=False,consec_rej=3",zero_shares,现金不足: 31694 < 35604
2014-09-30,159915.SZ,1.5,1.493,31693.9,1,510500.SH:24400,1.88,"last_win=False,consec_rej=3",zero_shares,现金不足: 31694 < 39606
2014-10-08,159915.SZ,1.515,1.501,31693.9,1,510500.SH:24400,1.86,"last_win=False,consec_rej=3",zero_shares,现金不足: 31694 < 40608
2014-10-09,159915.SZ,1.519,1.517,31693.9,1,510500.SH:24400,1.86,"last_win=False,consec_rej=3",zero_shares,现金不足: 31694 < 40411
2014-10-22,518880.SH,2.464,2.463,26556.56,1,,0.0,"last_win=False,consec_rej=3",executed,shares=41600
2014-10-31,513100.SH,0.2693,0.2683,69792.47,1,,0.0,"last_win=True,consec_rej=0",executed,shares=213500
2014-11-03,510500.SH,4.1321,4.1262,27225.45,2,513100.SH:213500,1.0,"last_win=True,consec_rej=0",executed,shares=10300
2014-11-26,159915.SZ,1.51,1.503,27225.45,2,"513100.SH:213500,510500.SH:10300",1.95,"last_win=False,consec_rej=3",zero_shares,现金不足: 27225 < 35339
2014-11-27,159915.SZ,1.518,1.516,27225.45,2,"513100.SH:213500,510500.SH:10300",1.94,"last_win=False,consec_rej=3",zero_shares,现金不足: 27225 < 36134
2014-11-28,159915.SZ,1.524,1.52,27225.45,2,"513100.SH:213500,510500.SH:10300",1.94,"last_win=False,consec_rej=3",zero_shares,现金不足: 27225 < 35972
2014-12-02,518880.SH,2.39,2.37,27225.45,2,"513100.SH:213500,510500.SH:10300",1.94,"last_win=False,consec_rej=0",signal_filter,上次交易亏损出场（连续拒绝1次），跳过
2014-12-03,159915.SZ,1.559,1.537,27225.45,2,"513100.SH:213500,510500.SH:10300",1.93,"last_win=False,consec_rej=3",zero_shares,现金不足: 27225 < 33991
2014-12-04,159915.SZ,1.579,1.56,27225.45,2,"513100.SH:213500,510500.SH:10300",1.91,"last_win=False,consec_rej=3",zero_shares,现金不足: 27225 < 34585
2014-12-09,518880.SH,2.408,2.397,42940.17,1,510500.SH:20600,1.93,"last_win=False,consec_rej=1",signal_filter,上次交易亏损出场（连续拒绝2次），跳过
2014-12-10,518880.SH,2.463,2.41,134128.87,0,,0.0,"last_win=False,consec_rej=2",signal_filter,上次交易亏损出场（连续拒绝3次），跳过
2014-12-15,510500.SH,4.5824,4.5208,103880.5,1,,0.0,"last_win=True,consec_rej=0",executed,shares=6600
2014-12-15,159915.SZ,1.601,1.586,76339.16,2,510500.SH:6600,0.98,"last_win=False,consec_rej=3",executed,shares=17200
2015-01-13,518880.SH,2.471,2.466,27323.48,2,510500.SH:6600,1.0,"last_win=False,consec_rej=3",executed,shares=30000
2015-01-20,159915.SZ,1.657,1.637,55883.99,1,518880.SH:30000,1.0,"last_win=False,consec_rej=0",signal_filter,上次交易亏损出场（连续拒绝1次），跳过
2015-01-21,510500.SH,4.5912,4.5298,55883.99,1,518880.SH:30000,0.99,"last_win=False,consec_rej=0",signal_filter,上次交易亏损出场（连续拒绝1次），跳过
2015-01-21,159915.SZ,1.668,1.657,55883.99,1,518880.SH:30000,0.99,"last_win=False,consec_rej=1",signal_filter,上次交易亏损出场（连续拒绝2次），跳过
2015-01-22,510500.SH,4.6671,4.5971,55883.99,1,518880.SH:30000,0.99,"last_win=False,consec_rej=1",signal_filter,上次交易亏损出场（连续拒绝2次），跳过
2015-01-22,159915.SZ,1.683,1.673,55883.99,1,518880.SH:30000,0.99,"last_win=False,consec_rej=2",signal_filter,上次交易亏损出场（连续拒绝3次），跳过
2015-01-26,510500.SH,4.7226,4.7079,55883.99,1,518880.SH:30000,0.99,"last_win=False,consec_rej=2",signal_filter,上次交易亏损出场（连续拒绝3次），跳过
2015-01-27,510500.SH,4.7344,4.7257,27473.33,2,518880.SH:30000,0.99,"last_win=False,consec_rej=3",executed,shares=6000
2015-01-27,159915.SZ,1.688,1.686,3837.79,3,"518880.SH:30000,510500.SH:6000",1.98,"last_win=False,consec_rej=3",executed,shares=14000
2015-02-13,513100.SH,0.2837,0.2809,2401.4,2,159915.SZ:42000,2.97,"last_win=True,consec_rej=0",executed,shares=195800
2015-02-16,510500.SH,4.8278,4.7637,2401.4,2,"159915.SZ:42000,513100.SH:195800",3.88,"last_win=False,consec_rej=0",signal_filter,上次交易亏损出场（连续拒绝1次），跳过
2015-02-17,510500.SH,4.8515,4.831,2401.4,2,"159915.SZ:42000,513100.SH:195800",3.89,"last_win=False,consec_rej=1",signal_filter,上次交易亏损出场（连续拒绝2次），跳过
2015-02-26,510500.SH,4.8982,4.8836,2401.4,2,"159915.SZ:42000,513100.SH:195800",3.89,"last_win=False,consec_rej=2",signal_filter,上次交易亏损出场（连续拒绝3次），跳过
2015-02-27,510500.SH,4.9477,4.901,2401.4,2,"159915.SZ:42000,513100.SH:195800",3.82,"last_win=False,consec_rej=3",zero_shares,现金不足: 2401 < 37608
2015-03-02,510500.SH,5.053,4.9477,2401.4,2,"159915.SZ:42000,513100.SH:195800",3.76,"last_win=False,consec_rej=3",zero_shares,现金不足: 2401 < 38409
2015-03-04,510500.SH,5.1147,5.0941,2401.4,2,"159915.SZ:42000,513100.SH:195800",3.72,"last_win=False,consec_rej=3",zero_shares,现金不足: 2401 < 38366
2015-03-10,510500.SH,5.1436,5.1175,2401.4,2,"159915.SZ:42000,513100.SH:195800",3.7,"last_win=False,consec_rej=3",zero_shares,现金不足: 2401 < 38583
2015-03-13,510500.SH,5.1994,5.1701,8656.57,1,159915.SZ:56000,4.35,"last_win=False,consec_rej=3",paused,暂停至2015-03-18
2015-03-16,510500.SH,5.366,5.1994,8656.57,1,159915.SZ:56000,4.22,"last_win=False,consec_rej=3",paused,暂停至2015-03-21
2015-03-17,510500.SH,5.4392,5.3688,8656.57,1,159915.SZ:56000,4.23,"last_win=False,consec_rej=3",paused,暂停至2015-03-22
2015-03-18,510500.SH,5.5239,5.4685,8656.57,1,159915.SZ:56000,4.14,"last_win=False,consec_rej=3",paused,暂停至2015-03-23
2015-03-19,510500.SH,5.5797,5.5357,8656.57,1,159915.SZ:56000,4.15,"last_win=False,consec_rej=3",paused,暂停至2015-03-24
2015-03-20,510500.SH,5.6292,5.5797,8656.57,1,159915.SZ:56000,4.1,"last_win=False,consec_rej=3",paused,暂停至2015-03-24
2015-03-23,510500.SH,5.8456,5.6379,8656.57,1,159915.SZ:56000,3.96,"last_win=False,consec_rej=3",paused,暂停至2015-03-24
2015-03-30,510500.SH,5.9948,5.9129,8656.57,1,159915.SZ:56000,3.98,"last_win=False,consec_rej=3",zero_shares,现金不足: 8657 < 33576
2015-04-01,510500.SH,6.1262,6.0387,8656.57,1,159915.SZ:56000,3.81,"last_win=False,consec_rej=3",zero_shares,现金不足: 8657 < 34925
2015-04-02,510500.SH,6.2346,6.1555,8656.57,1,159915.SZ:56000,3.7,"last_win=False,consec_rej=3",zero_shares,现金不足: 8657 < 36166
2015-04-03,510500.SH,6.328,6.252,8656.57,1,159915.SZ:56000,3.67,"last_win=False,consec_rej=3",zero_shares,现金不足: 8657 < 36075
2015-04-07,510500.SH,6.489,6.3367,8656.57,1,159915.SZ:56000,3.6,"last_win=False,consec_rej=3",zero_shares,现金不足: 8657 < 33748
2015-04-20,518880.SH,2.417,2.409,8656.57,1,159915.SZ:56000,3.78,"last_win=True,consec_rej=0",zero_shares,现金不足: 8657 < 84608
2015-04-22,510500.SH,7.0054,6.804,8656.57,1,159915.SZ:56000,3.49,"last_win=False,consec_rej=3",zero_shares,现金不足: 8657 < 28726
2015-04-23,510500.SH,7.0499,7.0205,8656.57,1,159915.SZ:56000,3.39,"last_win=False,consec_rej=3",zero_shares,现金不足: 8657 < 30319
2015-04-24,513100.SH,0.2923,0.2889,8656.57,1,159915.SZ:56000,3.34,"last_win=True,consec_rej=0",zero_shares,现金不足: 8657 < 79810
2015-04-27,510500.SH,7.1514,7.1036,8656.57,1,159915.SZ:56000,3.33,"last_win=False,consec_rej=3",zero_shares,现金不足: 8657 < 30756
2015-04-27,513100.SH,0.2953,0.2923,8656.57,1,159915.SZ:56000,3.33,"last_win=True,consec_rej=0",zero_shares,现金不足: 8657 < 78059
2015-05-12,510500.SH,7.3964,7.3167,8656.57,1,159915.SZ:56000,2.84,"last_win=False,consec_rej=3",zero_shares,现金不足: 8657 < 29590
2015-05-14,518880.SH,2.42,2.418,8656.57,1,159915.SZ:56000,2.95,"last_win=True,consec_rej=0",zero_shares,现金不足: 8657 < 115935
2015-05-15,518880.SH,2.425,2.422,8656.57,1,159915.SZ:56000,2.95,"last_win=True,consec_rej=0",zero_shares,现金不足: 8657 < 117630
2015-05-18,510500.SH,7.5331,7.5256,8656.57,1,159915.SZ:56000,2.82,"last_win=False,consec_rej=3",zero_shares,现金不足: 8657 < 30890
2015-05-18,518880.SH,2.452,2.429,8656.57,1,159915.SZ:56000,2.82,"last_win=True,consec_rej=0",zero_shares,现金不足: 8657 < 117959
2015-05-19,510500.SH,7.7244,7.5474,8656.57,1,159915.SZ:56000,2.8,"last_win=False,consec_rej=3",zero_shares,现金不足: 8657 < 31675
2015-05-20,510500.SH,7.8553,7.7856,8656.57,1,159915.SZ:56000,2.73,"last_win=False,consec_rej=3",zero_shares,现金不足: 8657 < 32212
2015-05-21,510500.SH,8.2118,8.0105,8656.57,1,159915.SZ:56000,2.62,"last_win=False,consec_rej=3",zero_shares,现金不足: 8657 < 34495
2015-05-22,510500.SH,8.3234,8.2202,8656.57,1,159915.SZ:56000,2.64,"last_win=False,consec_rej=3",zero_shares,现金不足: 8657 < 33299
2015-05-25,510500.SH,8.4744,8.3897,8656.57,1,159915.SZ:56000,2.68,"last_win=False,consec_rej=3",zero_shares,现金不足: 8657 < 32208
2015-05-26,510500.SH,8.8117,8.5072,8656.57,1,159915.SZ:56000,2.58,"last_win=False,consec_rej=3",zero_shares,现金不足: 8657 < 34371
2015-05-27,510500.SH,8.909,8.8511,8656.57,1,159915.SZ:56000,2.58,"last_win=False,consec_rej=3",zero_shares,现金不足: 8657 < 33859
2015-05-28,513100.SH,0.2961,0.2959,8656.57,1,159915.SZ:56000,2.71,"last_win=True,consec_rej=0",zero_shares,现金不足: 8657 < 96573
2015-06-01,510500.SH,9.0424,9.0063,8656.57,1,159915.SZ:56000,2.51,"last_win=False,consec_rej=3",zero_shares,现金不足: 8657 < 28036
2015-06-02,510500.SH,9.2824,9.128,8656.57,1,159915.SZ:56000,2.38,"last_win=False,consec_rej=3",zero_shares,现金不足: 8657 < 30637
2015-06-05,510500.SH,9.4535,9.3881,8656.57,1,159915.SZ:56000,2.42,"last_win=False,consec_rej=3",zero_shares,现金不足: 8657 < 27419
2015-06-10,510500.SH,9.472,9.4711,8656.57,1,159915.SZ:56000,2.45,"last_win=False,consec_rej=3",zero_shares,现金不足: 8657 < 27473
2015-06-12,510500.SH,9.816,9.722,8656.57,1,159915.SZ:56000,2.42,"last_win=False,consec_rej=3",zero_shares,现金不足: 8657 < 28471
2015-07-20,513100.SH,0.3015,0.2985,152551.26,1,,0.0,"last_win=True,consec_rej=0",executed,shares=154500
2015-08-12,518880.SH,2.327,2.313,9725.49,1,513100.SH:618000,4.11,"last_win=True,consec_rej=0",zero_shares,现金不足: 9725 < 89370
2015-08-17,510500.SH,7.4836,7.3829,9725.49,1,513100.SH:618000,4.04,"last_win=False,consec_rej=3",zero_shares,现金不足: 9725 < 17963
2015-08-21,518880.SH,2.39,2.373,118133.04,1,,0.0,"last_win=True,consec_rej=0",executed,shares=31500
2015-10-08,159915.SZ,2.08,2.004,174514.08,1,,0.0,"last_win=True,consec_rej=0",executed,shares=6500
2015-10-12,510500.SH,5.7453,5.6597,157275.6,2,159915.SZ:6500,0.96,"last_win=False,consec_rej=3",executed,shares=3000
2015-10-12,518880.SH,2.375,2.373,143300.45,2,"159915.SZ:13000,510500.SH:3000",2.87,"last_win=False,consec_rej=0",signal_filter,上次交易亏损出场（连续拒绝1次），跳过
2015-10-14,518880.SH,2.397,2.377,128872.84,2,"159915.SZ:19500,510500.SH:3000",3.84,"last_win=False,consec_rej=1",signal_filter,上次交易亏损出场（连续拒绝2次），跳过
2015-10-15,518880.SH,2.407,2.397,96299.05,2,"159915.SZ:26000,510500.SH:6000",5.67,"last_win=False,consec_rej=2",signal_filter,上次交易亏损出场（连续拒绝3次），跳过
2015-10-20,513100.SH,0.2989,0.2977,62818.23,2,"159915.SZ:26000,510500.SH:9000",7.05,"last_win=False,consec_rej=0",signal_filter,上次交易亏损出场（连续拒绝1次），跳过
2015-10-23,513100.SH,0.3061,0.2993,32151.83,2,"159915.SZ:26000,510500.SH:9000",8.44,"last_win=False,consec_rej=1",paused,暂停至2015-10-28
2015-10-26,513100.SH,0.3097,0.3077,16818.63,2,"159915.SZ:26000,510500.SH:9000",9.46,"last_win=False,consec_rej=1",paused,暂停至2015-10-31
2015-10-30,513100.SH,0.3137,0.3135,1485.43,2,"159915.SZ:26000,510500.SH:9000",10.84,"last_win=False,consec_rej=1",paused,暂停至2015-11-04
2015-11-03,513100.SH,0.3149,0.3137,1485.43,2,"159915.SZ:26000,510500.SH:9000",11.08,"last_win=False,consec_rej=1",paused,暂停至2015-11-08
2015-11-04,513100.SH,0.3159,0.3151,1485.43,2,"159915.SZ:26000,510500.SH:9000",10.33,"last_win=False,consec_rej=1",paused,暂停至2015-11-08
2015-11-09,513100.SH,0.3165,0.3159,1485.43,2,"159915.SZ:26000,510500.SH:9000",9.98,"last_win=False,consec_rej=1",signal_filter,上次交易亏损出场（连续拒绝2次），跳过
2015-11-23,513100.SH,0.3173,0.3169,1485.43,2,"159915.SZ:26000,510500.SH:9000",9.79,"last_win=False,consec_rej=2",signal_filter,上次交易亏损出场（连续拒绝3次），跳过
2015-12-02,513100.SH,0.3209,0.3179,64401.68,1,,0.0,"last_win=False,consec_rej=3",executed,shares=185100
2015-12-17,513100.SH,0.3221,0.3219,122569.88,0,,0.0,"last_win=False,consec_rej=0",signal_filter,上次交易亏损出场（连续拒绝1次），跳过
2015-12-22,518880.SH,2.249,2.244,50141.22,1,,0.0,"last_win=False,consec_rej=3",executed,shares=32200
2016-02-22,159915.SZ,2.142,2.135,34288.04,2,518880.SH:32200,0.96,"last_win=True,consec_rej=0",executed,shares=7400
2016-03-02,513100.SH,0.3029,0.2999,48316.34,1,518880.SH:32200,0.96,"last_win=False,consec_rej=1",signal_filter,上次交易亏损出场（连续拒绝2次），跳过
2016-03-23,159915.SZ,2.148,2.135,131122.32,0,,0.0,"last_win=False,consec_rej=0",signal_filter,上次交易亏损出场（连续拒绝1次），跳过
2016-03-23,513100.SH,0.3045,0.3039,131122.32,0,,0.0,"last_win=False,consec_rej=2",signal_filter,上次交易亏损出场（连续拒绝3次），跳过
2016-03-30,513100.SH,0.3065,0.3053,78917.54,1,,0.0,"last_win=False,consec_rej=3",executed,shares=170300
2016-04-05,510500.SH,5.4651,5.4533,60333.41,2,513100.SH:170300,1.01,"last_win=True,consec_rej=0",executed,shares=3400
2016-04-05,159915.SZ,2.168,2.16,60333.41,2,"513100.SH:170300,510500.SH:3400",1.96,"last_win=False,consec_rej=1",signal_filter,上次交易亏损出场（连续拒绝2次），跳过
2016-04-06,159915.SZ,2.181,2.175,60333.41,2,"513100.SH:170300,510500.SH:3400",1.96,"last_win=False,consec_rej=2",signal_filter,上次交易亏损出场（连续拒绝3次），跳过
2016-04-21,518880.SH,2.626,2.611,25604.71,1,513100.SH:340600,2.02,"last_win=True,consec_rej=0",zero_shares,现金不足: 25605 < 68812
2016-04-29,518880.SH,2.66,2.631,65650.2,1,,0.0,"last_win=True,consec_rej=0",executed,shares=23900
2016-05-25,513100.SH,0.3079,0.3067,127902.7,0,,0.0,"last_win=False,consec_rej=0",signal_filter,上次交易亏损出场（连续拒绝1次），跳过
2016-05-26,513100.SH,0.3091,0.3079,127902.7,0,,0.0,"last_win=False,consec_rej=1",signal_filter,上次交易亏损出场（连续拒绝2次），跳过
2016-05-27,513100.SH,0.3105,0.3099,127902.7,0,,0.0,"last_win=False,consec_rej=2",signal_filter,上次交易亏损出场（连续拒绝3次），跳过
2016-05-30,513100.SH,0.3135,0.3113,52651.41,1,,0.0,"last_win=False,consec_rej=3",executed,shares=240000
2016-06-13,518880.SH,2.724,2.699,126536.33,0,,0.0,"last_win=False,consec_rej=0",signal_filter,上次交易亏损出场（连续拒绝1次），跳过
2016-06-15,518880.SH,2.73,2.729,126536.33,0,,0.0,"last_win=False,consec_rej=1",signal_filter,上次交易亏损出场（连续拒绝2次），跳过
2016-06-16,518880.SH,2.777,2.735,126536.33,0,,0.0,"last_win=False,consec_rej=2",signal_filter,上次交易亏损出场（连续拒绝3次），跳过
2016-06-24,518880.SH,2.805,2.785,80807.97,1,,0.0,"last_win=False,consec_rej=3",executed,shares=16300
2016-06-27,510500.SH,5.3132,5.3107,80807.97,1,518880.SH:16300,1.03,"last_win=False,consec_rej=0",signal_filter,上次交易亏损出场（连续拒绝1次），跳过
2016-06-28,510500.SH,5.3627,5.3275,34751.93,1,518880.SH:32600,2.07,"last_win=False,consec_rej=1",signal_filter,上次交易亏损出场（连续拒绝2次），跳过
2016-07-04,510500.SH,5.4659,5.4281,34751.93,1,518880.SH:32600,2.02,"last_win=False,consec_rej=2",signal_filter,上次交易亏损出场（连续拒绝3次），跳过
2016-07-04,159915.SZ,2.153,2.149,10204.05,2,518880.SH:32600,2.02,"last_win=False,consec_rej=3",executed,shares=11400
2016-07-05,510500.SH,5.4936,5.4726,10204.05,2,"518880.SH:32600,159915.SZ:11400",3.0,"last_win=False,consec_rej=3",zero_shares,现金不足: 10204 < 28571
2016-07-06,510500.SH,5.5263,5.5028,10204.05,2,"518880.SH:32600,159915.SZ:11400",2.95,"last_win=False,consec_rej=3",zero_shares,现金不足: 10204 < 29846
2016-07-07,510500.SH,5.5481,5.5271,10204.05,2,"518880.SH:32600,159915.SZ:11400",2.96,"last_win=False,consec_rej=3",zero_shares,现金不足: 10204 < 30519
2016-07-11,513100.SH,0.3193,0.3149,10204.05,2,"518880.SH:32600,159915.SZ:11400",2.96,"last_win=False,consec_rej=0",signal_filter,上次交易亏损出场（连续拒绝1次），跳过
2016-07-12,510500.SH,5.6102,5.6085,10204.05,2,"518880.SH:32600,159915.SZ:11400",2.97,"last_win=False,consec_rej=3",zero_shares,现金不足: 10204 < 31422
2016-07-12,513100.SH,0.3205,0.3193,10204.05,2,"518880.SH:32600,159915.SZ:11400",2.97,"last_win=False,consec_rej=1",signal_filter,上次交易亏损出场（连续拒绝2次），跳过
2016-07-13,510500.SH,5.6496,5.6161,10204.05,2,"518880.SH:32600,159915.SZ:11400",2.99,"last_win=False,consec_rej=3",zero_shares,现金不足: 10204 < 32208
2016-07-13,513100.SH,0.3219,0.3213,10204.05,2,"518880.SH:32600,159915.SZ:11400",2.99,"last_win=False,consec_rej=2",signal_filter,上次交易亏损出场（连续拒绝3次），跳过
2016-07-15,513100.SH,0.3241,0.3229,10204.05,2,"518880.SH:32600,159915.SZ:11400",3.0,"last_win=False,consec_rej=3",zero_shares,现金不足: 10204 < 70600
2016-07-19,513100.SH,0.3265,0.3245,30148.18,2,159915.SZ:11400,0.97,"last_win=False,consec_rej=3",executed,shares=224900
2016-09-06,159915.SZ,2.128,2.122,52271.64,1,513100.SH:224900,1.01,"last_win=False,consec_rej=0",signal_filter,上次交易亏损出场（连续拒绝1次），跳过
2016-09-23,513100.SH,0.3545,0.3459,69866.66,1,,0.0,"last_win=True,consec_rej=0",executed,shares=161000
2016-11-09,518880.SH,2.865,2.833,48400.55,1,,0.0,"last_win=True,consec_rej=0",executed,shares=26800
2016-11-11,510500.SH,5.7889,5.762,69332.75,1,,0.0,"last_win=False,consec_rej=3",executed,shares=9200
2016-11-22,513100.SH,0.3555,0.3525,15767.83,1,510500.SH:18400,1.94,"last_win=False,consec_rej=0",signal_filter,上次交易亏损出场（连续拒绝1次），跳过
2016-11-25,513100.SH,0.3599,0.3563,15767.83,1,510500.SH:18400,1.94,"last_win=False,consec_rej=1",signal_filter,上次交易亏损出场（连续拒绝2次），跳过
2016-12-26,513100.SH,0.3729,0.3691,121047.88,0,,0.0,"last_win=False,consec_rej=2",signal_filter,上次交易亏损出场（连续拒绝3次），跳过
2017-01-10,518880.SH,2.663,2.652,121047.88,0,,0.0,"last_win=False,consec_rej=0",signal_filter,上次交易亏损出场（连续拒绝1次），跳过
2017-01-12,518880.SH,2.671,2.667,121047.88,0,,0.0,"last_win=False,consec_rej=1",signal_filter,上次交易亏损出场（连续拒绝2次），跳过
2017-01-16,518880.SH,2.682,2.671,121047.88,0,,0.0,"last_win=False,consec_rej=2",signal_filter,上次交易亏损出场（连续拒绝3次），跳过
2017-01-17,518880.SH,2.694,2.686,27821.5,1,,0.0,"last_win=False,consec_rej=3",executed,shares=34600
2017-01-26,513100.SH,0.3761,0.3703,56149.98,1,,0.0,"last_win=False,consec_rej=3",executed,shares=168500
2017-02-06,518880.SH,2.701,2.699,56149.98,1,513100.SH:168500,1.02,"last_win=False,consec_rej=0",signal_filter,上次交易亏损出场（连续拒绝1次），跳过
2017-02-07,518880.SH,2.722,2.703,56149.98,1,513100.SH:168500,1.02,"last_win=False,consec_rej=1",signal_filter,上次交易亏损出场（连续拒绝2次），跳过
2017-02-09,518880.SH,2.74,2.732,56149.98,1,513100.SH:168500,1.01,"last_win=False,consec_rej=2",signal_filter,上次交易亏损出场（连续拒绝3次），跳过
2017-02-20,510500.SH,5.6052,5.5976,56149.98,1,513100.SH:168500,1.0,"last_win=False,consec_rej=0",signal_filter,上次交易亏损出场（连续拒绝1次），跳过
2017-02-21,510500.SH,5.6488,5.6094,56149.98,1,513100.SH:168500,1.0,"last_win=False,consec_rej=1",signal_filter,上次交易亏损出场（连续拒绝2次），跳过
2017-02-22,510500.SH,5.6748,5.653,56149.98,1,513100.SH:168500,0.99,"last_win=False,consec_rej=2",signal_filter,上次交易亏损出场（连续拒绝3次），跳过
2017-02-23,510500.SH,5.6832,5.6807,56149.98,1,513100.SH:168500,0.99,"last_win=False,consec_rej=3",zero_shares,现金不足: 56150 < 58546
2017-02-23,159915.SZ,1.848,1.845,56149.98,1,513100.SH:168500,0.99,"last_win=False,consec_rej=1",signal_filter,上次交易亏损出场（连续拒绝2次），跳过
2017-02-24,159915.SZ,1.859,1.848,56149.98,1,513100.SH:168500,0.99,"last_win=False,consec_rej=2",signal_filter,上次交易亏损出场（连续拒绝3次），跳过
2017-02-24,518880.SH,2.775,2.743,56149.98,1,513100.SH:168500,0.99,"last_win=False,consec_rej=3",zero_shares,现金不足: 56150 < 94087
2017-02-27,518880.SH,2.784,2.779,56149.98,1,513100.SH:168500,1.0,"last_win=False,consec_rej=3",zero_shares,现金不足: 56150 < 95506
2017-03-06,510500.SH,5.7142,5.6966,56149.98,1,513100.SH:168500,0.98,"last_win=False,consec_rej=3",zero_shares,现金不足: 56150 < 62866
2017-03-06,159915.SZ,1.883,1.864,8691.26,2,513100.SH:168500,0.98,"last_win=False,consec_rej=3",executed,shares=25200
2017-03-07,510500.SH,5.7293,5.7201,8691.26,2,"513100.SH:168500,159915.SZ:25200",1.96,"last_win=False,consec_rej=3",zero_shares,现金不足: 8691 < 63605
2017-03-24,510500.SH,5.7511,5.7495,59992.98,1,,0.0,"last_win=False,consec_rej=3",executed,shares=10700
2017-03-27,518880.SH,2.8,2.787,59992.98,1,510500.SH:10700,0.99,"last_win=False,consec_rej=3",zero_shares,现金不足: 59993 < 96334
2017-04-07,510500.SH,5.7629,5.7612,119896.51,0,,0.0,"last_win=False,consec_rej=0",signal_filter,上次交易亏损出场（连续拒绝1次），跳过
2017-04-07,518880.SH,2.819,2.802,27137.5,1,,0.0,"last_win=False,consec_rej=3",executed,shares=32900
2017-04-11,510500.SH,5.8216,5.7847,27137.5,1,518880.SH:32900,1.01,"last_win=False,consec_rej=1",signal_filter,上次交易亏损出场（连续拒绝2次），跳过
2017-04-26,513100.SH,0.4038,0.4014,61479.57,1,,0.0,"last_win=True,consec_rej=0",executed,shares=143600
2017-05-25,513100.SH,0.4162,0.4158,119137.55,0,,0.0,"last_win=False,consec_rej=0",signal_filter,上次交易亏损出场（连续拒绝1次），跳过
2017-05-26,513100.SH,0.4214,0.4162,119137.55,0,,0.0,"last_win=False,consec_rej=1",signal_filter,上次交易亏损出场（连续拒绝2次），跳过
2017-06-02,513100.SH,0.4232,0.4216,119137.55,0,,0.0,"last_win=False,consec_rej=2",signal_filter,上次交易亏损出场（连续拒绝3次），跳过
2017-06-05,513100.SH,0.4268,0.4254,59675.39,1,,0.0,"last_win=False,consec_rej=3",executed,shares=139300
2017-06-06,518880.SH,2.822,2.818,59675.39,1,513100.SH:139300,1.01,"last_win=False,consec_rej=0",signal_filter,上次交易亏损出场（连续拒绝1次），跳过
2017-06-19,510500.SH,5.3317,5.3098,118061.19,0,,0.0,"last_win=False,consec_rej=2",signal_filter,上次交易亏损出场（连续拒绝3次），跳过
2017-06-20,510500.SH,5.3476,5.3392,74204.29,1,,0.0,"last_win=False,consec_rej=3",executed,shares=8200
2017-07-03,159915.SZ,1.764,1.763,30054.61,1,510500.SH:16400,1.96,"last_win=False,consec_rej=0",signal_filter,上次交易亏损出场（连续拒绝1次），跳过
2017-07-19,513100.SH,0.4176,0.4168,118691.51,0,,0.0,"last_win=False,consec_rej=0",signal_filter,上次交易亏损出场（连续拒绝1次），跳过
2017-07-20,513100.SH,0.4194,0.4182,118691.51,0,,0.0,"last_win=False,consec_rej=1",signal_filter,上次交易亏损出场（连续拒绝2次），跳过
2017-07-27,513100.SH,0.423,0.4204,118691.51,0,,0.0,"last_win=False,consec_rej=2",signal_filter,上次交易亏损出场（连续拒绝3次），跳过
2017-07-31,510500.SH,5.5649,5.5087,73609.06,1,,0.0,"last_win=True,consec_rej=0",executed,shares=8100
2017-08-11,518880.SH,2.763,2.751,116574.08,0,,0.0,"last_win=False,consec_rej=1",signal_filter,上次交易亏损出场（连续拒绝2次），跳过
2017-08-14,159915.SZ,1.702,1.69,116574.08,0,,0.0,"last_win=False,consec_rej=1",signal_filter,上次交易亏损出场（连续拒绝2次），跳过
2017-08-15,159915.SZ,1.706,1.702,116574.08,0,,0.0,"last_win=False,consec_rej=2",signal_filter,上次交易亏损出场（连续拒绝3次），跳过
2017-08-16,159915.SZ,1.735,1.71,80307.14,1,,0.0,"last_win=False,consec_rej=3",executed,shares=20900
2017-08-17,510500.SH,5.6303,5.6127,80307.14,1,159915.SZ:20900,0.99,"last_win=False,consec_rej=0",signal_filter,上次交易亏损出场（连续拒绝1次），跳过
2017-08-21,510500.SH,5.6605,5.6328,43751.74,1,159915.SZ:41800,1.98,"last_win=False,consec_rej=1",signal_filter,上次交易亏损出场（连续拒绝2次），跳过
2017-08-28,510500.SH,5.6756,5.6622,43751.74,1,159915.SZ:41800,1.97,"last_win=False,consec_rej=2",signal_filter,上次交易亏损出场（连续拒绝3次），跳过
2017-08-29,518880.SH,2.792,2.767,6907.87,1,159915.SZ:62700,2.98,"last_win=False,consec_rej=2",signal_filter,上次交易亏损出场（连续拒绝3次），跳过
2017-08-31,510500.SH,5.7151,5.7134,6907.87,1,159915.SZ:62700,2.94,"last_win=False,consec_rej=3",zero_shares,现金不足: 6908 < 49729
2017-09-01,510500.SH,5.7738,5.7235,6907.87,1,159915.SZ:62700,2.93,"last_win=False,consec_rej=3",zero_shares,现金不足: 6908 < 50240
2017-09-04,510500.SH,5.7973,5.7771,6907.87,1,159915.SZ:62700,2.9,"last_win=False,consec_rej=3",zero_shares,现金不足: 6908 < 51604
2017-09-06,510500.SH,5.8334,5.8107,6907.87,1,159915.SZ:62700,2.87,"last_win=False,consec_rej=3",zero_shares,现金不足: 6908 < 53092
2017-09-11,510500.SH,5.8795,5.8459,6907.87,1,159915.SZ:62700,2.88,"last_win=False,consec_rej=3",zero_shares,现金不足: 6908 < 52335
2017-10-09,513100.SH,0.4184,0.414,35976.28,1,,0.0,"last_win=False,consec_rej=3",executed,shares=197200
2017-10-13,159915.SZ,1.84,1.835,35976.28,1,513100.SH:197200,1.0,"last_win=True,consec_rej=0",zero_shares,现金不足: 35976 < 44719
2017-11-20,518880.SH,2.742,2.74,35976.28,1,513100.SH:197200,0.97,"last_win=False,consec_rej=3",zero_shares,现金不足: 35976 < 139589
2018-01-02,510500.SH,5.6018,5.5976,75204.06,1,,0.0,"last_win=False,consec_rej=3",executed,shares=8300
2018-01-02,518880.SH,2.723,2.712,75204.06,1,510500.SH:8300,0.98,"last_win=False,consec_rej=3",zero_shares,现金不足: 75204 < 126638
2018-01-03,518880.SH,2.733,2.724,28403.3,1,510500.SH:16600,1.96,"last_win=False,consec_rej=3",zero_shares,现金不足: 28403 < 123550
2018-01-08,159915.SZ,1.701,1.7,28403.3,1,510500.SH:16600,1.94,"last_win=True,consec_rej=0",zero_shares,现金不足: 28403 < 44573
2018-01-12,513100.SH,0.4622,0.4588,28403.3,1,510500.SH:16600,1.96,"last_win=True,consec_rej=0",zero_shares,现金不足: 28403 < 74148
2018-01-12,518880.SH,2.774,2.745,28403.3,1,510500.SH:16600,1.96,"last_win=False,consec_rej=3",zero_shares,现金不足: 28403 < 115693
2018-01-15,518880.SH,2.783,2.776,28403.3,1,510500.SH:16600,1.99,"last_win=False,consec_rej=3",zero_shares,现金不足: 28403 < 113285
2018-01-23,513100.SH,0.465,0.4636,44743.33,1,,0.0,"last_win=True,consec_rej=0",executed,shares=162000
2018-01-24,159915.SZ,1.714,1.707,8229.65,2,513100.SH:162000,0.99,"last_win=True,consec_rej=0",executed,shares=21300
2018-03-09,510500.SH,5.4902,5.4231,116650.49,0,,0.0,"last_win=False,consec_rej=0",signal_filter,上次交易亏损出场（连续拒绝1次），跳过
2018-03-09,159915.SZ,1.755,1.705,116650.49,0,,0.0,"last_win=False,consec_rej=0",signal_filter,上次交易亏损出场（连续拒绝1次），跳过
2018-03-12,510500.SH,5.5498,5.4927,116650.49,0,,0.0,"last_win=False,consec_rej=1",signal_filter,上次交易亏损出场（连续拒绝2次），跳过
2018-03-12,159915.SZ,1.777,1.755,116650.49,0,,0.0,"last_win=False,consec_rej=1",signal_filter,上次交易亏损出场（连续拒绝2次），跳过
2018-03-12,513100.SH,0.4734,0.4648,116650.49,0,,0.0,"last_win=False,consec_rej=0",signal_filter,上次交易亏损出场（连续拒绝1次），跳过
2018-03-23,518880.SH,2.741,2.732,13299.29,1,,0.0,"last_win=False,consec_rej=3",executed,shares=37700
2018-05-07,513100.SH,0.4538,0.4522,115375.57,0,,0.0,"last_win=False,consec_rej=1",signal_filter,上次交易亏损出场（连续拒绝2次），跳过
2018-05-08,513100.SH,0.4546,0.4544,115375.57,0,,0.0,"last_win=False,consec_rej=2",signal_filter,上次交易亏损出场（连续拒绝3次），跳过
2018-05-10,159915.SZ,1.762,1.756,115375.57,0,,0.0,"last_win=False,consec_rej=2",signal_filter,上次交易亏损出场（连续拒绝3次），跳过
2018-05-10,513100.SH,0.4606,0.4568,70690.67,1,,0.0,"last_win=False,consec_rej=3",executed,shares=97000
2018-05-21,510500.SH,5.3702,5.3518,25714.73,1,513100.SH:194000,1.98,"last_win=False,consec_rej=2",signal_filter,上次交易亏损出场（连续拒绝3次），跳过
2018-05-22,510500.SH,5.3921,5.3845,25714.73,1,513100.SH:194000,1.98,"last_win=False,consec_rej=3",zero_shares,现金不足: 25715 < 39368
2018-05-22,159915.SZ,1.77,1.767,25714.73,1,513100.SH:194000,1.98,"last_win=False,consec_rej=3",zero_shares,现金不足: 25715 < 29917
2018-07-09,513100.SH,0.5146,0.5024,75445.37,1,,0.0,"last_win=True,consec_rej=0",executed,shares=83900
2018-07-24,510500.SH,4.7234,4.6596,3625.61,2,513100.SH:167800,1.95,"last_win=False,consec_rej=3",executed,shares=6000
2018-09-14,518880.SH,2.656,2.652,118714.86,0,,0.0,"last_win=False,consec_rej=0",signal_filter,上次交易亏损出场（连续拒绝1次），跳过
2018-09-21,518880.SH,2.657,2.656,118714.86,0,,0.0,"last_win=False,consec_rej=1",signal_filter,上次交易亏损出场（连续拒绝2次），跳过
2018-10-11,518880.SH,2.665,2.662,118714.86,0,,0.0,"last_win=False,consec_rej=2",signal_filter,上次交易亏损出场（连续拒绝3次），跳过
2018-10-12,518880.SH,2.702,2.666,118714.86,0,,0.0,"last_win=False,consec_rej=3",zero_shares,现金不足: 118715 < 127554
2018-10-15,518880.SH,2.728,2.708,118714.86,0,,0.0,"last_win=False,consec_rej=3",zero_shares,现金不足: 118715 < 122506
2018-10-19,518880.SH,2.734,2.731,118714.86,0,,0.0,"last_win=False,consec_rej=3",zero_shares,现金不足: 118715 < 126330
2018-10-23,518880.SH,2.744,2.74,118714.86,0,,0.0,"last_win=False,consec_rej=3",zero_shares,现金不足: 118715 < 128438
2018-10-25,518880.SH,2.759,2.755,118714.86,0,,0.0,"last_win=False,consec_rej=3",zero_shares,现金不足: 118715 < 126105
2018-11-13,510500.SH,4.0925,4.0237,118714.86,0,,0.0,"last_win=False,consec_rej=0",signal_filter,上次交易亏损出场（连续拒绝1次），跳过
2018-11-13,159915.SZ,1.326,1.308,97760.92,1,,0.0,"last_win=False,consec_rej=3",executed,shares=15800
2018-11-15,510500.SH,4.1462,4.1235,97760.92,1,159915.SZ:15800,0.97,"last_win=False,consec_rej=1",signal_filter,上次交易亏损出场（连续拒绝2次），跳过
2018-11-16,510500.SH,4.1714,4.1479,97760.92,1,159915.SZ:15800,0.97,"last_win=False,consec_rej=2",signal_filter,上次交易亏损出场（连续拒绝3次），跳过
2018-12-10,518880.SH,2.767,2.742,115948.68,0,,0.0,"last_win=False,consec_rej=3",zero_shares,现金不足: 115949 < 137817
2018-12-19,518880.SH,2.77,2.768,115948.68,0,,0.0,"last_win=False,consec_rej=3",zero_shares,现金不足: 115949 < 141291
2018-12-21,518880.SH,2.788,2.777,115948.68,0,,0.0,"last_win=False,consec_rej=3",zero_shares,现金不足: 115949 < 134402
2018-12-24,518880.SH,2.798,2.793,115948.68,0,,0.0,"last_win=False,consec_rej=3",zero_shares,现金不足: 115949 < 132645
2018-12-25,518880.SH,2.82,2.804,115948.68,0,,0.0,"last_win=False,consec_rej=3",zero_shares,现金不足: 115949 < 121560
2019-01-03,518880.SH,2.868,2.84,2358.84,1,,0.0,"last_win=False,consec_rej=3",executed,shares=39600
2019-01-18,513100.SH,0.4754,0.4718,81135.68,1,,0.0,"last_win=True,consec_rej=0",executed,shares=67900
2019-02-01,513100.SH,0.4852,0.4792,112880.96,0,,0.0,"last_win=False,consec_rej=0",signal_filter,上次交易亏损出场（连续拒绝1次），跳过
2019-02-11,510500.SH,3.9583,3.9541,83189.25,1,,0.0,"last_win=False,consec_rej=3",executed,shares=7500
2019-02-11,159915.SZ,1.264,1.232,83189.25,1,510500.SH:7500,0.98,"last_win=False,consec_rej=0",signal_filter,上次交易亏损出场（连续拒绝1次），跳过
2019-02-11,513100.SH,0.4876,0.4852,83189.25,1,510500.SH:7500,0.98,"last_win=False,consec_rej=1",signal_filter,上次交易亏损出场（连续拒绝2次），跳过
2019-02-12,159915.SZ,1.278,1.266,53222.26,1,510500.SH:15000,1.95,"last_win=False,consec_rej=1",signal_filter,上次交易亏损出场（连续拒绝2次），跳过
2019-02-12,513100.SH,0.4916,0.4876,53222.26,1,510500.SH:15000,1.95,"last_win=False,consec_rej=2",signal_filter,上次交易亏损出场（连续拒绝3次），跳过
2019-02-13,159915.SZ,1.301,1.281,22979.22,1,510500.SH:22500,2.9,"last_win=False,consec_rej=2",signal_filter,上次交易亏损出场（连续拒绝3次），跳过
2019-02-13,513100.SH,0.4974,0.4918,22979.22,1,510500.SH:22500,2.9,"last_win=False,consec_rej=3",zero_shares,现金不足: 22979 < 42186
2019-02-15,518880.SH,2.861,2.854,22979.22,1,510500.SH:22500,2.9,"last_win=False,consec_rej=0",signal_filter,上次交易亏损出场（连续拒绝1次），跳过
2019-02-18,159915.SZ,1.357,1.314,22979.22,1,510500.SH:22500,2.82,"last_win=False,consec_rej=3",zero_shares,现金不足: 22979 < 30401
2019-02-18,513100.SH,0.498,0.4976,22979.22,1,510500.SH:22500,2.82,"last_win=False,consec_rej=3",zero_shares,现金不足: 22979 < 44827
2019-02-18,518880.SH,2.876,2.861,22979.22,1,510500.SH:22500,2.82,"last_win=False,consec_rej=1",signal_filter,上次交易亏损出场（连续拒绝2次），跳过
2019-02-19,513100.SH,0.4984,0.498,22979.22,1,510500.SH:22500,2.83,"last_win=False,consec_rej=3",zero_shares,现金不足: 22979 < 46906
2019-02-19,518880.SH,2.878,2.877,22979.22,1,510500.SH:22500,2.83,"last_win=False,consec_rej=2",signal_filter,上次交易亏损出场（连续拒绝3次），跳过
2019-02-20,518880.SH,2.898,2.883,22979.22,1,510500.SH:22500,2.83,"last_win=False,consec_rej=3",zero_shares,现金不足: 22979 < 128401
2019-02-22,159915.SZ,1.406,1.391,22979.22,1,510500.SH:22500,2.76,"last_win=False,consec_rej=3",zero_shares,现金不足: 22979 < 28265
2019-02-25,159915.SZ,1.492,1.406,22979.22,1,510500.SH:22500,2.62,"last_win=False,consec_rej=3",zero_shares,现金不足: 22979 < 28651
2019-03-04,159915.SZ,1.556,1.519,22979.22,1,510500.SH:22500,2.61,"last_win=False,consec_rej=3",zero_shares,现金不足: 22979 < 26300
2019-03-04,513100.SH,0.5,0.4994,22979.22,1,510500.SH:22500,2.61,"last_win=False,consec_rej=3",zero_shares,现金不足: 22979 < 51958
2019-03-05,159915.SZ,1.615,1.582,22979.22,1,510500.SH:22500,2.55,"last_win=False,consec_rej=3",zero_shares,现金不足: 22979 < 26005
2019-03-06,159915.SZ,1.635,1.615,22979.22,1,510500.SH:22500,2.51,"last_win=False,consec_rej=3",zero_shares,现金不足: 22979 < 26327
2019-03-11,159915.SZ,1.658,1.648,22979.22,1,510500.SH:22500,2.48,"last_win=False,consec_rej=3",zero_shares,现金不足: 22979 < 24376
2019-03-12,159915.SZ,1.696,1.658,22979.22,1,510500.SH:22500,2.45,"last_win=False,consec_rej=3",zero_shares,现金不足: 22979 < 24935
2019-03-12,513100.SH,0.5014,0.5012,22979.22,1,510500.SH:22500,2.45,"last_win=False,consec_rej=3",zero_shares,现金不足: 22979 < 56416
2019-03-14,513100.SH,0.5068,0.5032,22979.22,1,510500.SH:22500,2.55,"last_win=False,consec_rej=3",zero_shares,现金不足: 22979 < 56719
2019-03-15,513100.SH,0.508,0.5078,22979.22,1,510500.SH:22500,2.53,"last_win=False,consec_rej=3",zero_shares,现金不足: 22979 < 58429
2019-03-18,513100.SH,0.5114,0.5088,22979.22,1,510500.SH:22500,2.46,"last_win=False,consec_rej=3",zero_shares,现金不足: 22979 < 60354
2019-03-22,513100.SH,0.5228,0.5144,22979.22,1,510500.SH:22500,2.42,"last_win=False,consec_rej=3",zero_shares,现金不足: 22979 < 66301
2019-04-11,513100.SH,0.5316,0.5312,22979.22,1,510500.SH:22500,2.38,"last_win=False,consec_rej=3",zero_shares,现金不足: 22979 < 71192
2019-04-16,513100.SH,0.5352,0.5336,63005.83,1,,0.0,"last_win=False,consec_rej=3",executed,shares=143200
2019-05-14,518880.SH,2.858,2.832,10777.63,1,,0.0,"last_win=False,consec_rej=3",executed,shares=45200
2019-06-19,513100.SH,0.5458,0.5396,10777.63,1,518880.SH:45200,1.02,"last_win=True,consec_rej=0",zero_shares,现金不足: 10778 < 63377
2019-06-20,513100.SH,0.5512,0.5482,10777.63,1,518880.SH:45200,1.0,"last_win=True,consec_rej=0",zero_shares,现金不足: 10778 < 65272
2019-06-21,510500.SH,4.5237,4.4994,10777.63,1,518880.SH:45200,0.99,"last_win=True,consec_rej=0",zero_shares,现金不足: 10778 < 33028
2019-06-21,159915.SZ,1.473,1.466,10777.63,1,518880.SH:45200,0.99,"last_win=False,consec_rej=3",zero_shares,现金不足: 10778 < 29317
2019-07-01,510500.SH,4.5967,4.5556,10777.63,1,518880.SH:45200,1.0,"last_win=True,consec_rej=0",zero_shares,现金不足: 10778 < 34940
2019-07-01,159915.SZ,1.511,1.494,10777.63,1,518880.SH:45200,1.0,"last_win=False,consec_rej=3",zero_shares,现金不足: 10778 < 30980
2019-07-01,513100.SH,0.5546,0.5518,10777.63,1,518880.SH:45200,1.0,"last_win=True,consec_rej=0",zero_shares,现金不足: 10778 < 67671
2019-07-03,513100.SH,0.5552,0.5548,10777.63,1,518880.SH:45200,0.97,"last_win=True,consec_rej=0",zero_shares,现金不足: 10778 < 72631
2019-07-04,513100.SH,0.5582,0.5566,10777.63,1,518880.SH:45200,0.98,"last_win=True,consec_rej=0",zero_shares,现金不足: 10778 < 73582
2019-07-05,513100.SH,0.5606,0.5594,10777.63,1,518880.SH:45200,0.98,"last_win=True,consec_rej=0",zero_shares,现金不足: 10778 < 75356
2019-07-11,513100.SH,0.5642,0.5606,10777.63,1,518880.SH:45200,0.97,"last_win=True,consec_rej=0",zero_shares,现金不足: 10778 < 74655
2019-07-15,513100.SH,0.5678,0.5642,10777.63,1,518880.SH:45200,0.98,"last_win=True,consec_rej=0",zero_shares,现金不足: 10778 < 77630
2019-07-16,513100.SH,0.5696,0.5678,10777.63,1,518880.SH:45200,0.98,"last_win=True,consec_rej=0",zero_shares,现金不足: 10778 < 80724
2019-07-25,513100.SH,0.5738,0.5714,10777.63,1,518880.SH:45200,0.97,"last_win=True,consec_rej=0",zero_shares,现金不足: 10778 < 79024
2019-07-30,159915.SZ,1.522,1.518,10777.63,1,518880.SH:45200,0.97,"last_win=False,consec_rej=3",zero_shares,现金不足: 10778 < 40339
2019-08-05,518880.SH,3.289,3.19,82668.52,1,,0.0,"last_win=True,consec_rej=0",executed,shares=20900
2019-08-19,159915.SZ,1.568,1.536,13520.95,1,518880.SH:41800,2.04,"last_win=False,consec_rej=3",zero_shares,现金不足: 13521 < 38422
2019-09-02,510500.SH,4.5372,4.5162,13520.95,1,518880.SH:41800,1.99,"last_win=True,consec_rej=0",zero_shares,现金不足: 13521 < 46740
2019-09-02,159915.SZ,1.592,1.586,13520.95,1,518880.SH:41800,1.99,"last_win=False,consec_rej=3",zero_shares,现金不足: 13521 < 42354
2019-09-03,510500.SH,4.5623,4.5573,13520.95,1,518880.SH:41800,1.98,"last_win=True,consec_rej=0",zero_shares,现金不足: 13521 < 48368
2019-09-04,510500.SH,4.6303,4.5632,13520.95,1,518880.SH:41800,1.98,"last_win=True,consec_rej=0",zero_shares,现金不足: 13521 < 49089
2019-09-04,159915.SZ,1.607,1.6,13520.95,1,518880.SH:41800,1.98,"last_win=False,consec_rej=3",zero_shares,现金不足: 13521 < 44842
2019-09-05,510500.SH,4.6596,4.6345,13520.95,1,518880.SH:41800,1.97,"last_win=True,consec_rej=0",zero_shares,现金不足: 13521 < 48933
2019-09-05,159915.SZ,1.627,1.609,13520.95,1,518880.SH:41800,1.97,"last_win=False,consec_rej=3",zero_shares,现金不足: 13521 < 44586
2019-09-09,510500.SH,4.762,4.7234,13520.95,1,518880.SH:41800,2.02,"last_win=True,consec_rej=0",zero_shares,现金不足: 13521 < 49056
2019-09-09,159915.SZ,1.67,1.647,13520.95,1,518880.SH:41800,2.02,"last_win=False,consec_rej=3",zero_shares,现金不足: 13521 < 43761
2019-10-22,513100.SH,0.5812,0.581,63258.4,1,,0.0,"last_win=True,consec_rej=0",executed,shares=158100
2019-10-28,159915.SZ,1.646,1.642,15352.61,2,513100.SH:158100,0.99,"last_win=False,consec_rej=3",executed,shares=29100
2019-12-04,518880.SH,3.337,3.335,62225.68,1,513100.SH:158100,0.98,"last_win=True,consec_rej=0",zero_shares,现金不足: 62226 < 108469
2019-12-09,510500.SH,4.5581,4.5531,1137.98,2,513100.SH:158100,0.97,"last_win=True,consec_rej=0",executed,shares=13400
2019-12-13,159915.SZ,1.693,1.679,1137.98,2,"513100.SH:158100,510500.SH:13400",1.94,"last_win=False,consec_rej=0",signal_filter,上次交易亏损出场（连续拒绝1次），跳过
2019-12-16,159915.SZ,1.715,1.695,1137.98,2,"513100.SH:158100,510500.SH:13400",1.92,"last_win=False,consec_rej=1",signal_filter,上次交易亏损出场（连续拒绝2次），跳过
2019-12-17,159915.SZ,1.738,1.716,1137.98,2,"513100.SH:158100,510500.SH:13400",1.89,"last_win=False,consec_rej=2",signal_filter,上次交易亏损出场（连续拒绝3次），跳过
2019-12-25,518880.SH,3.352,3.338,1137.98,2,"513100.SH:158100,510500.SH:13400",1.9,"last_win=True,consec_rej=0",zero_shares,现金不足: 1138 < 131418
2019-12-27,518880.SH,3.363,3.357,1137.98,2,"513100.SH:158100,510500.SH:13400",1.88,"last_win=True,consec_rej=0",zero_shares,现金不足: 1138 < 133195
2019-12-31,518880.SH,3.384,3.382,1137.98,2,"513100.SH:158100,510500.SH:13400",1.88,"last_win=True,consec_rej=0",zero_shares,现金不足: 1138 < 135380
2020-01-02,159915.SZ,1.765,1.741,1137.98,2,"513100.SH:158100,510500.SH:13400",1.85,"last_win=False,consec_rej=3",zero_shares,现金不足: 1138 < 53664
2020-01-03,518880.SH,3.422,3.386,1137.98,2,"513100.SH:158100,510500.SH:13400",1.84,"last_win=True,consec_rej=0",zero_shares,现金不足: 1138 < 129371
2020-01-06,159915.SZ,1.788,1.774,1137.98,2,"513100.SH:158100,510500.SH:13400",1.85,"last_win=False,consec_rej=3",zero_shares,现金不足: 1138 < 52217
2020-01-06,518880.SH,3.497,3.428,1137.98,2,"513100.SH:158100,510500.SH:13400",1.85,"last_win=True,consec_rej=0",zero_shares,现金不足: 1138 < 115768
2020-01-07,159915.SZ,1.822,1.806,1137.98,2,"513100.SH:158100,510500.SH:13400",1.82,"last_win=False,consec_rej=3",zero_shares,现金不足: 1138 < 53393
2020-01-08,518880.SH,3.531,3.51,1137.98,2,"513100.SH:158100,510500.SH:13400",1.85,"last_win=True,consec_rej=0",zero_shares,现金不足: 1138 < 99236
2020-01-09,159915.SZ,1.839,1.823,1137.98,2,"513100.SH:158100,510500.SH:13400",1.81,"last_win=False,consec_rej=3",zero_shares,现金不足: 1138 < 51868
2020-01-13,159915.SZ,1.862,1.847,1137.98,2,"513100.SH:158100,510500.SH:13400",1.78,"last_win=False,consec_rej=3",zero_shares,现金不足: 1138 < 52703
2020-01-20,159915.SZ,1.905,1.874,1137.98,2,"513100.SH:158100,510500.SH:13400",1.76,"last_win=False,consec_rej=3",zero_shares,现金不足: 1138 < 55063
2020-01-22,159915.SZ,1.918,1.911,1137.98,2,"513100.SH:158100,510500.SH:13400",1.76,"last_win=False,consec_rej=3",zero_shares,现金不足: 1138 < 51410
2020-02-05,513100.SH,0.7137,0.7003,119940.53,1,,0.0,"last_win=True,consec_rej=0",executed,shares=71300
2020-02-10,159915.SZ,1.961,1.949,16853.78,1,513100.SH:213900,2.93,"last_win=False,consec_rej=3",zero_shares,现金不足: 16854 < 33734
2020-02-12,159915.SZ,2.006,1.966,16853.78,1,513100.SH:213900,2.77,"last_win=False,consec_rej=3",zero_shares,现金不足: 16854 < 36515
2020-02-17,159915.SZ,2.071,2.022,16853.78,1,513100.SH:213900,2.77,"last_win=False,consec_rej=3",zero_shares,现金不足: 16854 < 36662
2020-02-18,510500.SH,5.1311,5.0959,16853.78,1,513100.SH:213900,2.86,"last_win=True,consec_rej=0",zero_shares,现金不足: 16854 < 44134
2020-02-18,159915.SZ,2.09,2.071,16853.78,1,513100.SH:213900,2.86,"last_win=False,consec_rej=3",zero_shares,现金不足: 16854 < 36162
2020-02-19,518880.SH,3.562,3.527,16853.78,1,513100.SH:213900,2.89,"last_win=True,consec_rej=0",zero_shares,现金不足: 16854 < 105095
2020-02-20,510500.SH,5.1857,5.1471,16853.78,1,513100.SH:213900,2.87,"last_win=True,consec_rej=0",zero_shares,现金不足: 16854 < 44604
2020-02-20,159915.SZ,2.105,2.09,16853.78,1,513100.SH:213900,2.87,"last_win=False,consec_rej=3",zero_shares,现金不足: 16854 < 36422
2020-02-20,518880.SH,3.574,3.569,16853.78,1,513100.SH:213900,2.87,"last_win=True,consec_rej=0",zero_shares,现金不足: 16854 < 105449
2020-02-21,510500.SH,5.2679,5.1974,16853.78,1,513100.SH:213900,2.94,"last_win=True,consec_rej=0",zero_shares,现金不足: 16854 < 43730
2020-02-21,159915.SZ,2.145,2.118,16853.78,1,513100.SH:213900,2.94,"last_win=False,consec_rej=3",zero_shares,现金不足: 16854 < 35398
2020-02-21,518880.SH,3.646,3.595,16853.78,1,513100.SH:213900,2.94,"last_win=True,consec_rej=0",zero_shares,现金不足: 16854 < 98457
2020-02-24,510500.SH,5.3166,5.2956,126970.59,1,,0.0,"last_win=True,consec_rej=0",executed,shares=7900
2020-02-24,159915.SZ,2.178,2.162,92553.03,2,510500.SH:7900,0.98,"last_win=False,consec_rej=3",executed,shares=15800
2020-02-24,518880.SH,3.725,3.648,3139.62,3,"510500.SH:7900,159915.SZ:15800",1.96,"last_win=True,consec_rej=0",executed,shares=24000
2020-04-14,518880.SH,3.712,3.691,164155.77,0,,0.0,"last_win=False,consec_rej=0",signal_filter,上次交易亏损出场（连续拒绝1次），跳过
2020-04-16,159915.SZ,1.932,1.927,164155.77,0,,0.0,"last_win=False,consec_rej=0",signal_filter,上次交易亏损出场（连续拒绝1次），跳过
2020-04-17,159915.SZ,1.943,1.938,164155.77,0,,0.0,"last_win=False,consec_rej=1",signal_filter,上次交易亏损出场（连续拒绝2次），跳过
2020-04-17,513100.SH,0.6747,0.6655,164155.77,0,,0.0,"last_win=False,consec_rej=0",signal_filter,上次交易亏损出场（连续拒绝1次），跳过
2020-04-22,510500.SH,4.8946,4.8862,164155.77,0,,0.0,"last_win=False,consec_rej=0",signal_filter,上次交易亏损出场（连续拒绝1次），跳过
2020-04-22,513100.SH,0.6843,0.6787,164155.77,0,,0.0,"last_win=False,consec_rej=1",signal_filter,上次交易亏损出场（连续拒绝2次），跳过
2020-04-23,513100.SH,0.6927,0.6869,164155.77,0,,0.0,"last_win=False,consec_rej=2",signal_filter,上次交易亏损出场（连续拒绝3次），跳过
2020-04-24,518880.SH,3.769,3.748,164155.77,0,,0.0,"last_win=False,consec_rej=1",signal_filter,上次交易亏损出场（连续拒绝2次），跳过
2020-04-27,513100.SH,0.7131,0.7003,135912.78,1,,0.0,"last_win=False,consec_rej=3",executed,shares=39600
2020-04-30,159915.SZ,1.993,1.978,78202.96,1,513100.SH:118800,2.93,"last_win=False,consec_rej=2",signal_filter,上次交易亏损出场（连续拒绝3次），跳过
2020-05-06,510500.SH,4.9474,4.9046,48736.14,1,513100.SH:158400,3.9,"last_win=False,consec_rej=1",signal_filter,上次交易亏损出场（连续拒绝2次），跳过
2020-05-06,159915.SZ,2.029,1.999,16267.27,2,513100.SH:158400,3.9,"last_win=False,consec_rej=3",executed,shares=16000
2020-05-08,510500.SH,5.0045,4.9642,16267.27,2,"513100.SH:158400,159915.SZ:16000",4.84,"last_win=False,consec_rej=2",signal_filter,上次交易亏损出场（连续拒绝3次），跳过
2020-05-14,518880.SH,3.781,3.779,16267.27,2,"513100.SH:158400,159915.SZ:16000",5.04,"last_win=False,consec_rej=2",signal_filter,上次交易亏损出场（连续拒绝3次），跳过
2020-05-15,518880.SH,3.834,3.782,16267.27,2,"513100.SH:158400,159915.SZ:16000",5.01,"last_win=False,consec_rej=3",zero_shares,现金不足: 16267 < 70940
2020-05-18,518880.SH,3.927,3.842,16267.27,2,"513100.SH:158400,159915.SZ:16000",4.97,"last_win=False,consec_rej=3",zero_shares,现金不足: 16267 < 68340
2020-06-01,510500.SH,5.085,5.0464,17939.78,1,513100.SH:158400,4.78,"last_win=False,consec_rej=3",paused,暂停至2020-06-06
2020-06-01,159915.SZ,2.082,2.074,17939.78,1,513100.SH:158400,4.78,"last_win=False,consec_rej=0",paused,暂停至2020-06-06
2020-06-10,159915.SZ,2.122,2.111,17939.78,1,513100.SH:158400,4.73,"last_win=False,consec_rej=0",signal_filter,上次交易亏损出场（连续拒绝1次），跳过
2020-06-16,510500.SH,5.1966,5.1848,92192.9,1,,0.0,"last_win=False,consec_rej=3",executed,shares=8400
2020-06-16,159915.SZ,2.183,2.181,92192.9,1,510500.SH:8400,0.99,"last_win=False,consec_rej=1",signal_filter,上次交易亏损出场（连续拒绝2次），跳过
2020-06-19,159915.SZ,2.238,2.198,3871.3,1,510500.SH:25200,2.93,"last_win=False,consec_rej=2",signal_filter,上次交易亏损出场（连续拒绝3次），跳过
2020-06-22,159915.SZ,2.263,2.253,3871.3,1,510500.SH:25200,2.93,"last_win=False,consec_rej=3",zero_shares,现金不足: 3871 < 35534
2020-06-23,159915.SZ,2.307,2.282,3871.3,1,510500.SH:25200,2.92,"last_win=False,consec_rej=3",zero_shares,现金不足: 3871 < 35995
2020-06-24,518880.SH,3.91,3.906,3871.3,1,510500.SH:25200,2.92,"last_win=False,consec_rej=3",zero_shares,现金不足: 3871 < 78603
2020-06-30,159915.SZ,2.359,2.318,3871.3,1,510500.SH:25200,2.89,"last_win=False,consec_rej=3",zero_shares,现金不足: 3871 < 37514
2020-07-01,518880.SH,3.939,3.917,3871.3,1,510500.SH:25200,2.88,"last_win=False,consec_rej=3",zero_shares,现金不足: 3871 < 87065
2020-07-03,159915.SZ,2.38,2.37,3871.3,1,510500.SH:25200,2.79,"last_win=False,consec_rej=3",zero_shares,现金不足: 3871 < 37372
2020-07-06,159915.SZ,2.45,2.39,3871.3,1,510500.SH:25200,2.67,"last_win=False,consec_rej=3",zero_shares,现金不足: 3871 < 38716
2020-07-07,159915.SZ,2.503,2.459,3871.3,1,510500.SH:25200,2.64,"last_win=False,consec_rej=3",zero_shares,现金不足: 3871 < 37300
2020-07-08,159915.SZ,2.574,2.561,3871.3,1,510500.SH:25200,2.59,"last_win=False,consec_rej=3",zero_shares,现金不足: 3871 < 37586
2020-07-09,159915.SZ,2.674,2.58,3871.3,1,510500.SH:25200,2.53,"last_win=False,consec_rej=3",zero_shares,现金不足: 3871 < 37709
2020-07-09,518880.SH,3.954,3.942,3871.3,1,510500.SH:25200,2.53,"last_win=False,consec_rej=3",zero_shares,现金不足: 3871 < 107960
2020-07-10,159915.SZ,2.685,2.681,3871.3,1,510500.SH:25200,2.53,"last_win=False,consec_rej=3",zero_shares,现金不足: 3871 < 37327
2020-07-13,159915.SZ,2.802,2.706,3871.3,1,510500.SH:25200,2.46,"last_win=False,consec_rej=3",zero_shares,现金不足: 3871 < 37833
2020-07-13,513100.SH,0.7847,0.7731,3871.3,1,510500.SH:25200,2.46,"last_win=True,consec_rej=0",zero_shares,现金不足: 3871 < 53525
2020-07-21,513100.SH,0.7963,0.7897,3871.3,1,510500.SH:25200,2.58,"last_win=True,consec_rej=0",zero_shares,现金不足: 3871 < 48502
2020-07-22,518880.SH,4.043,3.959,3871.3,1,510500.SH:25200,2.56,"last_win=False,consec_rej=3",zero_shares,现金不足: 3871 < 100686
2020-07-23,518880.SH,4.066,4.065,3871.3,1,510500.SH:25200,2.56,"last_win=False,consec_rej=3",zero_shares,现金不足: 3871 < 102072
2020-07-24,518880.SH,4.109,4.069,53342.68,1,,0.0,"last_win=False,consec_rej=3",executed,shares=23500
2020-08-13,513100.SH,0.8127,0.8029,96350.04,1,,0.0,"last_win=True,consec_rej=0",executed,shares=62400
2020-10-12,159915.SZ,2.683,2.65,126493.69,1,,0.0,"last_win=False,consec_rej=3",executed,shares=11400
2020-11-09,159915.SZ,2.719,2.697,155171.79,0,,0.0,"last_win=False,consec_rej=0",signal_filter,上次交易亏损出场（连续拒绝1次），跳过
2020-11-23,510500.SH,5.9877,5.9684,107861.86,1,,0.0,"last_win=True,consec_rej=0",executed,shares=7900
2020-12-15,159915.SZ,2.667,2.665,153401.69,0,,0.0,"last_win=False,consec_rej=1",signal_filter,上次交易亏损出场（连续拒绝2次），跳过
2020-12-17,159915.SZ,2.694,2.677,153401.69,0,,0.0,"last_win=False,consec_rej=2",signal_filter,上次交易亏损出场（连续拒绝3次），跳过
2020-12-21,159915.SZ,2.778,2.706,114781.7,1,,0.0,"last_win=False,consec_rej=3",executed,shares=13900
2020-12-21,518880.SH,3.879,3.855,114781.7,1,159915.SZ:13900,0.99,"last_win=False,consec_rej=0",signal_filter,上次交易亏损出场（连续拒绝1次），跳过
2021-01-04,510500.SH,6.0095,5.9995,36407.31,1,159915.SZ:41700,2.83,"last_win=False,consec_rej=0",signal_filter,上次交易亏损出场（连续拒绝1次），跳过
2021-01-04,518880.SH,3.902,3.897,36407.31,1,159915.SZ:41700,2.83,"last_win=False,consec_rej=1",signal_filter,上次交易亏损出场（连续拒绝2次），跳过
2021-01-05,510500.SH,6.0624,6.0406,36407.31,1,159915.SZ:41700,2.82,"last_win=False,consec_rej=1",signal_filter,上次交易亏损出场（连续拒绝2次），跳过
2021-01-05,518880.SH,3.92,3.909,36407.31,1,159915.SZ:41700,2.82,"last_win=False,consec_rej=2",signal_filter,上次交易亏损出场（连续拒绝3次），跳过
2021-01-06,518880.SH,3.931,3.93,36407.31,1,159915.SZ:41700,2.81,"last_win=False,consec_rej=3",zero_shares,现金不足: 36407 < 90427
2021-01-21,510500.SH,6.1522,6.132,36407.31,1,159915.SZ:41700,2.69,"last_win=False,consec_rej=2",signal_filter,上次交易亏损出场（连续拒绝3次），跳过
2021-01-21,513100.SH,0.8867,0.8767,36407.31,1,159915.SZ:41700,2.69,"last_win=True,consec_rej=0",zero_shares,现金不足: 36407 < 68996
2021-01-25,513100.SH,0.8939,0.8893,36407.31,1,159915.SZ:41700,2.64,"last_win=True,consec_rej=0",zero_shares,现金不足: 36407 < 72774
2021-01-27,513100.SH,0.9023,0.8949,36407.31,1,159915.SZ:41700,2.69,"last_win=True,consec_rej=0",zero_shares,现金不足: 36407 < 72105
2021-02-08,513100.SH,0.9071,0.9039,36407.31,1,159915.SZ:41700,12.46,"last_win=True,consec_rej=0",paused,暂停至2021-02-13
2021-02-10,513100.SH,0.9103,0.9097,36407.31,1,159915.SZ:41700,2.61,"last_win=True,consec_rej=0",paused,暂停至2021-02-13
2021-02-19,510500.SH,6.2369,6.2319,36407.31,1,159915.SZ:41700,2.69,"last_win=False,consec_rej=3",zero_shares,现金不足: 36407 < 48655
2021-04-01,513100.SH,0.8857,0.8833,107385.06,1,,0.0,"last_win=True,consec_rej=0",executed,shares=61500
2021-04-09,518880.SH,3.631,3.624,52506.53,1,513100.SH:123000,1.93,"last_win=False,consec_rej=3",zero_shares,现金不足: 52507 < 80620
2021-04-19,510500.SH,5.9751,5.9357,52506.53,1,513100.SH:123000,1.91,"last_win=False,consec_rej=3",zero_shares,现金不足: 52507 < 54979
2021-04-19,159915.SZ,2.798,2.769,21723.92,2,513100.SH:123000,1.91,"last_win=True,consec_rej=0",executed,shares=11000
2021-04-19,518880.SH,3.67,3.652,21723.92,2,"513100.SH:123000,159915.SZ:11000",2.89,"last_win=False,consec_rej=3",zero_shares,现金不足: 21724 < 84056
2021-04-23,510500.SH,6.0221,6.0196,21723.92,2,"513100.SH:123000,159915.SZ:11000",2.92,"last_win=False,consec_rej=3",zero_shares,现金不足: 21724 < 59025
2021-05-07,518880.SH,3.717,3.692,69860.45,1,159915.SZ:33000,3.04,"last_win=False,consec_rej=3",zero_shares,现金不足: 69860 < 85504
2021-05-10,518880.SH,3.73,3.724,69860.45,1,159915.SZ:33000,3.04,"last_win=False,consec_rej=3",zero_shares,现金不足: 69860 < 87668
2021-05-17,510500.SH,6.1295,6.101,104766.49,1,,0.0,"last_win=False,consec_rej=3",executed,shares=9500
2021-05-17,159915.SZ,3.007,3.004,72586.77,2,510500.SH:9500,1.0,"last_win=True,consec_rej=0",executed,shares=10700
2021-05-17,518880.SH,3.777,3.742,72586.77,2,"510500.SH:9500,159915.SZ:10700",1.99,"last_win=False,consec_rej=3",zero_shares,现金不足: 72587 < 92928
2021-05-18,518880.SH,3.802,3.788,72586.77,2,"510500.SH:9500,159915.SZ:10700",1.99,"last_win=False,consec_rej=3",zero_shares,现金不足: 72587 < 92783
2021-05-24,518880.SH,3.828,3.827,40004.66,2,"510500.SH:9500,159915.SZ:21400",2.97,"last_win=False,consec_rej=3",zero_shares,现金不足: 40005 < 98011
2021-05-26,518880.SH,3.852,3.844,7020.17,2,"510500.SH:9500,159915.SZ:32100",3.91,"last_win=False,consec_rej=3",zero_shares,现金不足: 7020 < 96314
2021-06-08,513100.SH,0.9031,0.9029,7020.17,2,"510500.SH:9500,159915.SZ:32100",3.89,"last_win=True,consec_rej=0",zero_shares,现金不足: 7020 < 78040
2021-06-11,513100.SH,0.9123,0.9059,7020.17,2,"510500.SH:9500,159915.SZ:32100",3.81,"last_win=True,consec_rej=0",zero_shares,现金不足: 7020 < 83944
2021-06-15,513100.SH,0.9262,0.9131,7020.17,2,"510500.SH:9500,159915.SZ:32100",3.86,"last_win=True,consec_rej=0",zero_shares,现金不足: 7020 < 81518
2021-06-18,513100.SH,0.9364,0.9262,84927.7,1,,0.0,"last_win=True,consec_rej=0",executed,shares=82800
2021-06-23,510500.SH,6.3602,6.3401,18135.59,2,513100.SH:82800,0.98,"last_win=True,consec_rej=0",executed,shares=10500
2021-06-23,159915.SZ,3.217,3.212,18135.59,2,"513100.SH:82800,510500.SH:10500",1.98,"last_win=True,consec_rej=0",zero_shares,现金不足: 18136 < 35071
2021-06-25,159915.SZ,3.243,3.234,18135.59,2,"513100.SH:82800,510500.SH:10500",1.98,"last_win=True,consec_rej=0",zero_shares,现金不足: 18136 < 35678
2021-06-28,159915.SZ,3.305,3.254,18135.59,2,"513100.SH:82800,510500.SH:10500",1.97,"last_win=True,consec_rej=0",zero_shares,现金不足: 18136 < 36360
2021-06-30,159915.SZ,3.373,3.336,18135.59,2,"513100.SH:82800,510500.SH:10500",1.96,"last_win=True,consec_rej=0",zero_shares,现金不足: 18136 < 37109
2021-07-12,510500.SH,6.4794,6.4173,6181.55,1,513100.SH:165600,1.9,"last_win=False,consec_rej=0",signal_filter,上次交易亏损出场（连续拒绝1次），跳过
2021-07-12,159915.SZ,3.427,3.388,6181.55,1,513100.SH:165600,1.9,"last_win=True,consec_rej=0",zero_shares,现金不足: 6182 < 33932
2021-07-13,510500.SH,6.5406,6.502,6181.55,1,513100.SH:165600,1.89,"last_win=False,consec_rej=1",signal_filter,上次交易亏损出场（连续拒绝2次），跳过
2021-07-15,518880.SH,3.721,3.7,6181.55,1,513100.SH:165600,1.89,"last_win=False,consec_rej=3",zero_shares,现金不足: 6182 < 106809
2021-07-21,510500.SH,6.575,6.5717,167517.99,0,,0.0,"last_win=False,consec_rej=2",signal_filter,上次交易亏损出场（连续拒绝3次），跳过
2021-07-21,159915.SZ,3.455,3.452,133653.91,1,,0.0,"last_win=True,consec_rej=0",executed,shares=9800
2021-07-22,510500.SH,6.6035,6.5842,62325.41,2,159915.SZ:9800,0.98,"last_win=False,consec_rej=3",executed,shares=10800
2021-07-26,513100.SH,1.0078,0.9904,61917.52,1,,0.0,"last_win=True,consec_rej=0",executed,shares=101500
2021-08-11,510500.SH,6.6564,6.6413,61917.52,1,513100.SH:101500,0.99,"last_win=False,consec_rej=0",signal_filter,上次交易亏损出场（连续拒绝1次），跳过
2021-08-12,510500.SH,6.6824,6.6614,61917.52,1,513100.SH:101500,1.0,"last_win=False,consec_rej=1",signal_filter,上次交易亏损出场（连续拒绝2次），跳过
2021-08-23,513100.SH,1.0096,1.0094,161778.54,0,,0.0,"last_win=False,consec_rej=0",signal_filter,上次交易亏损出场（连续拒绝1次），跳过
2021-08-24,513100.SH,1.0242,1.01,161778.54,0,,0.0,"last_win=False,consec_rej=1",signal_filter,上次交易亏损出场（连续拒绝2次），跳过
2021-08-25,510500.SH,6.7344,6.7101,161778.54,0,,0.0,"last_win=False,consec_rej=2",signal_filter,上次交易亏损出场（连续拒绝3次），跳过
2021-08-27,510500.SH,6.7571,6.7537,100955.52,1,,0.0,"last_win=False,consec_rej=3",executed,shares=9000
2021-08-30,513100.SH,1.0304,1.0248,39727.44,1,510500.SH:18000,2.0,"last_win=False,consec_rej=2",signal_filter,上次交易亏损出场（连续拒绝3次），跳过
2021-08-31,513100.SH,1.0444,1.0316,39727.44,1,510500.SH:18000,1.99,"last_win=False,consec_rej=3",zero_shares,现金不足: 39727 < 99860
2021-10-19,159915.SZ,3.191,3.186,161653.74,0,,0.0,"last_win=False,consec_rej=0",signal_filter,上次交易亏损出场（连续拒绝1次），跳过
2021-10-25,159915.SZ,3.236,3.215,161653.74,0,,0.0,"last_win=False,consec_rej=1",signal_filter,上次交易亏损出场（连续拒绝2次），跳过
2021-10-28,513100.SH,1.0228,1.0208,63654.81,1,,0.0,"last_win=False,consec_rej=3",executed,shares=95800
2021-11-08,159915.SZ,3.278,3.276,63654.81,1,513100.SH:95800,0.97,"last_win=False,consec_rej=2",signal_filter,上次交易亏损出场（连续拒绝3次），跳过
2021-11-08,518880.SH,3.66,3.645,63654.81,1,513100.SH:95800,0.97,"last_win=False,consec_rej=3",zero_shares,现金不足: 63655 < 107254
2021-11-09,159915.SZ,3.3,3.287,19428.17,2,513100.SH:95800,0.97,"last_win=False,consec_rej=3",executed,shares=13400
2021-11-11,518880.SH,3.721,3.679,19428.17,2,"513100.SH:95800,159915.SZ:13400",1.96,"last_win=False,consec_rej=3",zero_shares,现金不足: 19428 < 106064
2021-11-12,510500.SH,6.7428,6.7353,19428.17,2,"513100.SH:95800,159915.SZ:13400",1.96,"last_win=True,consec_rej=0",zero_shares,现金不足: 19428 < 60694
2021-11-22,510500.SH,6.825,6.7755,19428.17,2,"513100.SH:95800,159915.SZ:13400",1.91,"last_win=True,consec_rej=0",zero_shares,现金不足: 19428 < 66212
2021-11-23,510500.SH,6.841,6.8334,19428.17,2,"513100.SH:95800,159915.SZ:13400",1.94,"last_win=True,consec_rej=0",zero_shares,现金不足: 19428 < 66368
2021-12-03,510500.SH,6.8896,6.8695,31668.55,1,159915.SZ:40200,2.92,"last_win=True,consec_rej=0",zero_shares,现金不足: 31669 < 73730
2021-12-16,510500.SH,6.95,6.9366,86215.82,1,,0.0,"last_win=True,consec_rej=0",executed,shares=11200
2021-12-24,518880.SH,3.633,3.632,86215.82,1,510500.SH:11200,1.01,"last_win=False,consec_rej=3",zero_shares,现金不足: 86216 < 119544
2021-12-28,513100.SH,1.0806,1.077,18668.19,2,510500.SH:11200,1.01,"last_win=True,consec_rej=0",executed,shares=62500
2021-12-28,518880.SH,3.642,3.64,18668.19,2,"510500.SH:11200,513100.SH:62500",2.0,"last_win=False,consec_rej=3",zero_shares,现金不足: 18668 < 126396
2021-12-31,518880.SH,3.643,3.642,18668.19,2,"510500.SH:11200,513100.SH:62500",2.0,"last_win=False,consec_rej=3",zero_shares,现金不足: 18668 < 122788
2022-01-13,518880.SH,3.654,3.65,36085.24,1,,0.0,"last_win=False,consec_rej=3",executed,shares=33700
2022-02-14,518880.SH,3.705,3.682,157589.22,0,,0.0,"last_win=False,consec_rej=0",signal_filter,上次交易亏损出场（连续拒绝1次），跳过
2022-02-15,518880.SH,3.742,3.718,157589.22,0,,0.0,"last_win=False,consec_rej=1",signal_filter,上次交易亏损出场（连续拒绝2次），跳过
2022-02-18,518880.SH,3.76,3.746,157589.22,0,,0.0,"last_win=False,consec_rej=2",signal_filter,上次交易亏损出场（连续拒绝3次），跳过
2022-02-22,518880.SH,3.801,3.771,56087.29,1,,0.0,"last_win=False,consec_rej=3",executed,shares=26700
2022-03-23,513100.SH,0.955,0.933,157425.29,0,,0.0,"last_win=False,consec_rej=0",signal_filter,上次交易亏损出场（连续拒绝1次），跳过
2022-03-25,513100.SH,0.963,0.956,157425.29,0,,0.0,"last_win=False,consec_rej=1",signal_filter,上次交易亏损出场（连续拒绝2次），跳过
2022-03-29,513100.SH,0.978,0.963,157425.29,0,,0.0,"last_win=False,consec_rej=2",signal_filter,上次交易亏损出场（连续拒绝3次），跳过
2022-03-30,513100.SH,0.99,0.979,116829.2,1,,0.0,"last_win=False,consec_rej=3",executed,shares=41000
2022-04-18,518880.SH,3.967,3.949,154912.49,0,,0.0,"last_win=False,consec_rej=0",signal_filter,上次交易亏损出场（连续拒绝1次），跳过
2022-05-31,510500.SH,5.7109,5.6446,154912.49,0,,0.0,"last_win=False,consec_rej=0",signal_filter,上次交易亏损出场（连续拒绝1次），跳过
2022-06-01,159915.SZ,2.354,2.352,154912.49,0,,0.0,"last_win=False,consec_rej=0",signal_filter,上次交易亏损出场（连续拒绝1次），跳过
2022-06-02,510500.SH,5.7738,5.7285,154912.49,0,,0.0,"last_win=False,consec_rej=1",signal_filter,上次交易亏损出场（连续拒绝2次），跳过
2022-06-02,159915.SZ,2.386,2.366,154912.49,0,,0.0,"last_win=False,consec_rej=1",signal_filter,上次交易亏损出场（连续拒绝2次），跳过
2022-06-06,510500.SH,5.8652,5.7822,154912.49,0,,0.0,"last_win=False,consec_rej=2",signal_filter,上次交易亏损出场（连续拒绝3次），跳过
2022-06-06,159915.SZ,2.477,2.389,154912.49,0,,0.0,"last_win=False,consec_rej=2",signal_filter,上次交易亏损出场（连续拒绝3次），跳过
2022-06-08,510500.SH,5.903,5.8871,117127.62,1,,0.0,"last_win=False,consec_rej=3",executed,shares=6400
2022-06-13,518880.SH,3.926,3.918,117127.62,1,510500.SH:6400,0.99,"last_win=False,consec_rej=1",signal_filter,上次交易亏损出场（连续拒绝2次），跳过
2022-06-17,159915.SZ,2.584,2.554,10941.14,2,510500.SH:19200,2.96,"last_win=False,consec_rej=3",executed,shares=11400
2022-07-20,513100.SH,0.856,0.842,157660.64,0,,0.0,"last_win=False,consec_rej=0",signal_filter,上次交易亏损出场（连续拒绝1次），跳过
2022-07-21,513100.SH,0.861,0.857,157660.64,0,,0.0,"last_win=False,consec_rej=1",signal_filter,上次交易亏损出场（连续拒绝2次），跳过
2022-07-22,513100.SH,0.867,0.865,157660.64,0,,0.0,"last_win=False,consec_rej=2",signal_filter,上次交易亏损出场（连续拒绝3次），跳过
2022-07-29,513100.SH,0.888,0.87,108902.13,1,,0.0,"last_win=False,consec_rej=3",executed,shares=54900
2022-08-11,510500.SH,6.1882,6.1597,10215.56,1,513100.SH:164700,2.88,"last_win=True,consec_rej=0",zero_shares,现金不足: 10216 < 47037
2022-08-17,510500.SH,6.2419,6.2411,10215.56,1,513100.SH:164700,2.84,"last_win=True,consec_rej=0",zero_shares,现金不足: 10216 < 51816
2022-10-10,518880.SH,3.81,3.792,154965.15,0,,0.0,"last_win=False,consec_rej=2",signal_filter,上次交易亏损出场（连续拒绝3次），跳过
2022-11-01,513100.SH,0.851,0.85,154965.15,0,,0.0,"last_win=False,consec_rej=0",signal_filter,上次交易亏损出场（连续拒绝1次），跳过
2022-11-04,510500.SH,5.9174,5.8434,117088.11,1,,0.0,"last_win=True,consec_rej=0",executed,shares=6400
2022-11-08,518880.SH,3.839,3.838,117088.11,1,510500.SH:6400,0.99,"last_win=False,consec_rej=3",zero_shares,现金不足: 117088 < 152431
2022-11-09,518880.SH,3.945,3.846,117088.11,1,510500.SH:6400,0.99,"last_win=False,consec_rej=3",zero_shares,现金不足: 117088 < 119157
2022-11-11,513100.SH,0.854,0.852,78827.01,1,510500.SH:12800,1.99,"last_win=False,consec_rej=1",signal_filter,上次交易亏损出场（连续拒绝2次），跳过
2022-11-16,513100.SH,0.861,0.858,78827.01,1,510500.SH:12800,1.98,"last_win=False,consec_rej=2",signal_filter,上次交易亏损出场（连续拒绝3次），跳过
2023-01-04,518880.SH,4.002,3.992,19726.73,1,,0.0,"last_win=False,consec_rej=3",executed,shares=33600
2023-01-10,159915.SZ,2.401,2.382,19726.73,1,518880.SH:33600,1.03,"last_win=True,consec_rej=0",zero_shares,现金不足: 19727 < 42984
2023-01-13,159915.SZ,2.417,2.409,19726.73,1,518880.SH:33600,1.03,"last_win=True,consec_rej=0",zero_shares,现金不足: 19727 < 44479
2023-01-16,510500.SH,5.904,5.8732,19726.73,1,518880.SH:33600,1.02,"last_win=False,consec_rej=0",signal_filter,上次交易亏损出场（连续拒绝1次），跳过
2023-01-16,159915.SZ,2.462,2.417,19726.73,1,518880.SH:33600,1.02,"last_win=True,consec_rej=0",zero_shares,现金不足: 19727 < 43830
2023-01-17,513100.SH,0.82,0.819,19726.73,1,518880.SH:33600,1.02,"last_win=False,consec_rej=3",zero_shares,现金不足: 19727 < 65774
2023-01-19,510500.SH,5.9895,5.9568,19726.73,1,518880.SH:33600,1.02,"last_win=False,consec_rej=1",signal_filter,上次交易亏损出场（连续拒绝2次），跳过
2023-01-19,159915.SZ,2.496,2.492,19726.73,1,518880.SH:33600,1.02,"last_win=True,consec_rej=0",zero_shares,现金不足: 19727 < 46433
2023-01-20,510500.SH,6.0328,5.9943,19726.73,1,518880.SH:33600,1.01,"last_win=False,consec_rej=2",signal_filter,上次交易亏损出场（连续拒绝3次），跳过
2023-01-20,159915.SZ,2.507,2.498,19726.73,1,518880.SH:33600,1.01,"last_win=True,consec_rej=0",zero_shares,现金不足: 19727 < 48142
2023-01-30,510500.SH,6.0529,6.0356,19726.73,1,518880.SH:33600,1.01,"last_win=False,consec_rej=3",zero_shares,现金不足: 19727 < 66592
2023-01-30,159915.SZ,2.533,2.518,19726.73,1,518880.SH:33600,1.01,"last_win=True,consec_rej=0",zero_shares,现金不足: 19727 < 46614
2023-01-30,513100.SH,0.844,0.823,19726.73,1,518880.SH:33600,1.01,"last_win=False,consec_rej=3",zero_shares,现金不足: 19727 < 59933
2023-02-02,510500.SH,6.1366,6.1356,19726.73,1,518880.SH:33600,1.01,"last_win=False,consec_rej=3",zero_shares,现金不足: 19727 < 69354
2023-02-02,513100.SH,0.862,0.85,19726.73,1,518880.SH:33600,1.01,"last_win=False,consec_rej=3",zero_shares,现金不足: 19727 < 58366
2023-02-03,513100.SH,0.87,0.865,19726.73,1,518880.SH:33600,1.02,"last_win=False,consec_rej=3",zero_shares,现金不足: 19727 < 58299
2023-02-08,513100.SH,0.882,0.874,95255.56,1,,0.0,"last_win=False,consec_rej=3",executed,shares=67400
2023-03-06,518880.SH,4.071,4.045,1771.79,1,,0.0,"last_win=True,consec_rej=0",executed,shares=36400
2023-03-17,513100.SH,0.884,0.875,1771.79,1,518880.SH:36400,1.0,"last_win=False,consec_rej=0",signal_filter,上次交易亏损出场（连续拒绝1次），跳过
2023-03-22,513100.SH,0.895,0.886,1771.79,1,518880.SH:36400,1.0,"last_win=False,consec_rej=1",signal_filter,上次交易亏损出场（连续拒绝2次），跳过
2023-03-27,513100.SH,0.899,0.896,1771.79,1,518880.SH:36400,0.99,"last_win=False,consec_rej=2",signal_filter,上次交易亏损出场（连续拒绝3次），跳过
2023-03-30,513100.SH,0.903,0.901,1771.79,1,518880.SH:36400,0.99,"last_win=False,consec_rej=3",zero_shares,现金不足: 1772 < 60510
2023-03-31,513100.SH,0.908,0.905,1771.79,1,518880.SH:36400,0.98,"last_win=False,consec_rej=3",zero_shares,现金不足: 1772 < 61844
2023-04-03,510500.SH,6.1731,6.1712,1771.79,1,518880.SH:36400,1.0,"last_win=False,consec_rej=3",zero_shares,现金不足: 1772 < 72854
2023-04-03,159915.SZ,2.366,2.365,1771.79,1,518880.SH:36400,1.0,"last_win=True,consec_rej=0",zero_shares,现金不足: 1772 < 54190
2023-04-03,513100.SH,0.92,0.913,1771.79,1,518880.SH:36400,1.0,"last_win=False,consec_rej=3",zero_shares,现金不足: 1772 < 61189
2023-04-04,513100.SH,0.922,0.921,1771.79,1,518880.SH:36400,0.99,"last_win=False,consec_rej=3",zero_shares,现金不足: 1772 < 64181
2023-04-07,510500.SH,6.2231,6.1894,1771.79,1,518880.SH:36400,0.97,"last_win=False,consec_rej=3",zero_shares,现金不足: 1772 < 79045
2023-04-28,513100.SH,0.923,0.922,75271.92,1,,0.0,"last_win=False,consec_rej=3",executed,shares=89000
2023-05-04,518880.SH,4.395,4.383,75271.92,1,513100.SH:89000,0.99,"last_win=True,consec_rej=0",zero_shares,现金不足: 75272 < 93628
2023-05-05,518880.SH,4.415,4.412,75271.92,1,513100.SH:89000,0.99,"last_win=True,consec_rej=0",zero_shares,现金不足: 75272 < 94937
2023-06-16,510500.SH,5.9674,5.9511,75271.92,1,513100.SH:89000,0.89,"last_win=False,consec_rej=3",zero_shares,现金不足: 75272 < 79378
2023-07-13,518880.SH,4.408,4.392,75271.92,1,513100.SH:89000,0.89,"last_win=True,consec_rej=0",zero_shares,现金不足: 75272 < 174142
2023-07-18,518880.SH,4.422,4.413,75271.92,1,513100.SH:89000,0.88,"last_win=True,consec_rej=0",zero_shares,现金不足: 75272 < 179118
2023-07-19,518880.SH,4.473,4.422,75271.92,1,513100.SH:89000,0.87,"last_win=True,consec_rej=0",zero_shares,现金不足: 75272 < 168657
2023-07-31,510500.SH,5.9549,5.9222,75271.92,1,513100.SH:89000,0.87,"last_win=False,consec_rej=3",zero_shares,现金不足: 75272 < 79808
2023-08-04,159915.SZ,2.204,2.199,114139.9,1,,0.0,"last_win=True,consec_rej=0",executed,shares=27500
2023-08-24,518880.SH,4.464,4.455,172238.68,0,,0.0,"last_win=True,consec_rej=0",zero_shares,现金不足: 172239 < 203142
2023-08-30,518880.SH,4.477,4.469,172238.68,0,,0.0,"last_win=True,consec_rej=0",zero_shares,现金不足: 172239 < 201943
2023-08-31,513100.SH,1.14,1.137,106564.83,1,,0.0,"last_win=True,consec_rej=0",executed,shares=57600
2023-08-31,518880.SH,4.494,4.484,106564.83,1,513100.SH:57600,0.98,"last_win=True,consec_rej=0",zero_shares,现金不足: 106565 < 203609
2023-09-04,518880.SH,4.506,4.495,106564.83,1,513100.SH:57600,0.98,"last_win=True,consec_rej=0",zero_shares,现金不足: 106565 < 199195
2023-09-08,518880.SH,4.536,4.516,106564.83,1,513100.SH:57600,0.98,"last_win=True,consec_rej=0",zero_shares,现金不足: 106565 < 205512
2023-09-11,518880.SH,4.545,4.537,106564.83,1,513100.SH:57600,0.99,"last_win=True,consec_rej=0",zero_shares,现金不足: 106565 < 203647
2023-09-13,518880.SH,4.557,4.554,171527.89,0,,0.0,"last_win=True,consec_rej=0",zero_shares,现金不足: 171528 < 207830
2023-09-14,518880.SH,4.592,4.566,171527.89,0,,0.0,"last_win=True,consec_rej=0",zero_shares,现金不足: 171528 < 194271
2023-10-30,518880.SH,4.609,4.605,53058.82,1,,0.0,"last_win=True,consec_rej=0",executed,shares=25700
2023-11-06,159915.SZ,1.981,1.971,53058.82,1,518880.SH:25700,1.03,"last_win=False,consec_rej=0",signal_filter,上次交易亏损出场（连续拒绝1次），跳过
2023-11-13,513100.SH,1.14,1.127,170001.98,0,,0.0,"last_win=False,consec_rej=0",signal_filter,上次交易亏损出场（连续拒绝1次），跳过
2023-11-14,513100.SH,1.144,1.141,170001.98,0,,0.0,"last_win=False,consec_rej=1",signal_filter,上次交易亏损出场（连续拒绝2次），跳过
2023-11-15,510500.SH,5.5407,5.5195,100178.68,1,,0.0,"last_win=False,consec_rej=3",executed,shares=12600
2023-11-15,513100.SH,1.164,1.145,100178.68,1,510500.SH:12600,1.0,"last_win=False,consec_rej=2",signal_filter,上次交易亏损出场（连续拒绝3次），跳过
2023-12-04,518880.SH,4.643,4.614,169424.19,0,,0.0,"last_win=False,consec_rej=0",signal_filter,上次交易亏损出场（连续拒绝1次），跳过
2023-12-12,513100.SH,1.178,1.167,80118.4,1,,0.0,"last_win=False,consec_rej=3",executed,shares=75800
2024-01-11,513100.SH,1.223,1.221,75952.9,1,,0.0,"last_win=True,consec_rej=0",executed,shares=77200
2024-02-27,159915.SZ,1.746,1.736,75952.9,1,513100.SH:77200,0.95,"last_win=False,consec_rej=1",signal_filter,上次交易亏损出场（连续拒绝2次），跳过
2024-03-04,159915.SZ,1.783,1.781,75952.9,1,513100.SH:77200,0.94,"last_win=False,consec_rej=2",signal_filter,上次交易亏损出场（连续拒绝3次），跳过
2024-03-04,518880.SH,4.725,4.679,75952.9,1,513100.SH:77200,0.94,"last_win=False,consec_rej=1",signal_filter,上次交易亏损出场（连续拒绝2次），跳过
2024-03-05,518880.SH,4.789,4.733,75952.9,1,513100.SH:77200,0.94,"last_win=False,consec_rej=2",signal_filter,上次交易亏损出场（连续拒绝3次），跳过
2024-03-06,518880.SH,4.824,4.79,75952.9,1,513100.SH:77200,0.94,"last_win=False,consec_rej=3",zero_shares,现金不足: 75953 < 185269
2024-03-07,518880.SH,4.885,4.824,75952.9,1,513100.SH:77200,0.95,"last_win=False,consec_rej=3",zero_shares,现金不足: 75953 < 170023
2024-03-11,510500.SH,5.3206,5.2821,75952.9,1,513100.SH:77200,0.95,"last_win=False,consec_rej=0",signal_filter,上次交易亏损出场（连续拒绝1次），跳过
2024-03-11,159915.SZ,1.84,1.805,41907.79,2,513100.SH:77200,0.95,"last_win=False,consec_rej=3",executed,shares=18500
2024-03-11,518880.SH,4.899,4.896,41907.79,2,"513100.SH:77200,159915.SZ:18500",1.93,"last_win=False,consec_rej=3",zero_shares,现金不足: 41908 < 168061
2024-03-18,510500.SH,5.4013,5.3475,143487.75,1,159915.SZ:18500,0.98,"last_win=False,consec_rej=1",signal_filter,上次交易亏损出场（连续拒绝2次），跳过
2024-03-21,518880.SH,4.978,4.921,109004.13,1,159915.SZ:37000,1.98,"last_win=False,consec_rej=3",zero_shares,现金不足: 109004 < 151852
2024-03-27,518880.SH,4.99,4.987,26573.88,1,,0.0,"last_win=False,consec_rej=3",executed,shares=29800
2024-04-01,513100.SH,1.344,1.343,26573.88,1,518880.SH:29800,1.0,"last_win=True,consec_rej=0",zero_shares,现金不足: 26574 < 100412
2024-04-29,510500.SH,5.3504,5.286,182464.09,0,,0.0,"last_win=False,consec_rej=2",signal_filter,上次交易亏损出场（连续拒绝3次），跳过
2024-04-29,159915.SZ,1.837,1.822,182464.09,0,,0.0,"last_win=False,consec_rej=0",signal_filter,上次交易亏损出场（连续拒绝1次），跳过
2024-05-06,510500.SH,5.3956,5.3686,134436.05,1,,0.0,"last_win=False,consec_rej=3",executed,shares=8900
2024-05-16,513100.SH,1.358,1.338,39225.97,2,510500.SH:8900,0.99,"last_win=True,consec_rej=0",executed,shares=70100
2024-05-20,518880.SH,5.55,5.547,39225.97,2,"510500.SH:8900,513100.SH:70100",1.98,"last_win=True,consec_rej=0",zero_shares,现金不足: 39226 < 84373
2024-06-06,513100.SH,1.393,1.382,180825.76,0,,0.0,"last_win=False,consec_rej=0",signal_filter,上次交易亏损出场（连续拒绝1次），跳过
2024-06-12,513100.SH,1.408,1.397,180825.76,0,,0.0,"last_win=False,consec_rej=1",signal_filter,上次交易亏损出场（连续拒绝2次），跳过
2024-06-13,513100.SH,1.436,1.409,180825.76,0,,0.0,"last_win=False,consec_rej=2",signal_filter,上次交易亏损出场（连续拒绝3次），跳过
2024-06-17,513100.SH,1.441,1.437,70860.96,1,,0.0,"last_win=False,consec_rej=3",executed,shares=76300
2024-07-12,518880.SH,5.446,5.43,70860.96,1,513100.SH:76300,0.97,"last_win=True,consec_rej=0",zero_shares,现金不足: 70861 < 111660
2024-07-16,518880.SH,5.505,5.467,70860.96,1,513100.SH:76300,0.96,"last_win=True,consec_rej=0",zero_shares,现金不足: 70861 < 115072
2024-07-17,518880.SH,5.576,5.507,70860.96,1,513100.SH:76300,0.96,"last_win=True,consec_rej=0",zero_shares,现金不足: 70861 < 108191
2024-08-19,518880.SH,5.513,5.506,91728.68,1,,0.0,"last_win=True,consec_rej=0",executed,shares=16900
2024-09-13,518880.SH,5.611,5.549,184512.66,0,,0.0,"last_win=False,consec_rej=0",signal_filter,上次交易亏损出场（连续拒绝1次），跳过
2024-09-20,518880.SH,5.663,5.626,184512.66,0,,0.0,"last_win=False,consec_rej=1",signal_filter,上次交易亏损出场（连续拒绝2次），跳过
2024-09-23,518880.SH,5.711,5.665,184512.66,0,,0.0,"last_win=False,consec_rej=2",signal_filter,上次交易亏损出场（连续拒绝3次），跳过
2024-09-24,159915.SZ,1.587,1.571,184512.66,0,,0.0,"last_win=False,consec_rej=1",signal_filter,上次交易亏损出场（连续拒绝2次），跳过
2024-09-25,510500.SH,4.6992,4.6738,184512.66,0,,0.0,"last_win=False,consec_rej=0",signal_filter,上次交易亏损出场（连续拒绝1次），跳过
2024-09-25,159915.SZ,1.61,1.588,184512.66,0,,0.0,"last_win=False,consec_rej=2",signal_filter,上次交易亏损出场（连续拒绝3次），跳过
2024-09-25,518880.SH,5.74,5.732,67399.09,1,,0.0,"last_win=False,consec_rej=3",executed,shares=20400
2024-09-26,510500.SH,4.9413,4.8125,67399.09,1,518880.SH:20400,1.02,"last_win=False,consec_rej=1",signal_filter,上次交易亏损出场（连续拒绝2次），跳过
2024-09-26,159915.SZ,1.686,1.649,23219.27,2,518880.SH:20400,1.02,"last_win=False,consec_rej=3",executed,shares=26200
2024-09-27,510500.SH,5.3631,4.9472,23219.27,2,"518880.SH:20400,159915.SZ:26200",1.97,"last_win=False,consec_rej=2",signal_filter,上次交易亏损出场（连续拒绝3次），跳过
2024-09-30,510500.SH,5.8532,5.4344,23219.27,2,"518880.SH:20400,159915.SZ:26200",1.87,"last_win=False,consec_rej=3",zero_shares,现金不足: 23219 < 41564
2024-10-08,510500.SH,6.0983,5.8991,23219.27,2,"518880.SH:20400,159915.SZ:26200",1.76,"last_win=False,consec_rej=3",zero_shares,现金不足: 23219 < 39645
2024-10-15,513100.SH,1.476,1.457,23219.27,2,"518880.SH:20400,159915.SZ:26200",1.9,"last_win=True,consec_rej=0",zero_shares,现金不足: 23219 < 62739
2024-10-30,513100.SH,1.484,1.477,23219.27,2,"518880.SH:20400,159915.SZ:26200",1.82,"last_win=True,consec_rej=0",zero_shares,现金不足: 23219 < 80445
2024-11-06,513100.SH,1.489,1.488,5097.59,2,518880.SH:20400,0.93,"last_win=True,consec_rej=0",executed,shares=49900
2024-11-07,510500.SH,6.193,6.1579,87460.09,2,513100.SH:49900,1.01,"last_win=False,consec_rej=3",executed,shares=6000
2024-12-12,518880.SH,6.052,6.03,47383.37,1,513100.SH:99800,1.93,"last_win=True,consec_rej=0",zero_shares,现金不足: 47383 < 105926
2025-01-09,518880.SH,6.065,6.054,47383.37,1,513100.SH:99800,1.91,"last_win=True,consec_rej=0",zero_shares,现金不足: 47383 < 142549
2025-01-10,518880.SH,6.105,6.066,47383.37,1,513100.SH:99800,1.92,"last_win=True,consec_rej=0",zero_shares,现金不足: 47383 < 143489
2025-01-13,518880.SH,6.12,6.109,62399.56,1,,0.0,"last_win=True,consec_rej=0",executed,shares=23500
2025-02-07,510500.SH,5.7874,5.706,62399.56,1,518880.SH:23500,1.0,"last_win=False,consec_rej=0",signal_filter,上次交易亏损出场（连续拒绝1次），跳过
2025-02-07,159915.SZ,2.131,2.11,20625.7,2,518880.SH:23500,1.0,"last_win=True,consec_rej=0",executed,shares=19600
2025-02-12,510500.SH,5.8916,5.8549,20625.7,2,"518880.SH:23500,159915.SZ:19600",1.94,"last_win=False,consec_rej=1",signal_filter,上次交易亏损出场（连续拒绝2次），跳过
2025-02-21,510500.SH,6.0087,5.9372,20625.7,2,"518880.SH:23500,159915.SZ:19600",1.92,"last_win=False,consec_rej=2",signal_filter,上次交易亏损出场（连续拒绝3次），跳过
2025-03-14,518880.SH,6.673,6.624,79592.1,1,,0.0,"last_win=True,consec_rej=0",executed,shares=20100
2025-03-18,510500.SH,6.0802,6.0752,13916.09,2,518880.SH:20100,1.03,"last_win=False,consec_rej=3",executed,shares=10800
2025-05-06,513100.SH,1.457,1.456,24760.87,2,518880.SH:20100,0.96,"last_win=True,consec_rej=0",executed,shares=36400
2025-05-12,159915.SZ,2.037,2.007,122493.31,1,513100.SH:72800,1.97,"last_win=False,consec_rej=0",signal_filter,上次交易亏损出场（连续拒绝1次），跳过
2025-06-13,518880.SH,7.588,7.519,150215.68,1,,0.0,"last_win=True,consec_rej=0",executed,shares=11800
2025-06-24,513100.SH,1.595,1.594,49556.08,2,518880.SH:11800,1.04,"last_win=True,consec_rej=0",executed,shares=63100
2025-06-25,510500.SH,5.8688,5.8082,49556.08,2,"518880.SH:11800,513100.SH:63100",2.03,"last_win=False,consec_rej=0",signal_filter,上次交易亏损出场（连续拒绝1次），跳过
2025-06-25,159915.SZ,2.109,2.053,49556.08,2,"518880.SH:11800,513100.SH:63100",2.03,"last_win=False,consec_rej=1",signal_filter,上次交易亏损出场（连续拒绝2次），跳过
2025-06-30,510500.SH,5.9184,5.9134,34743.4,1,513100.SH:126200,1.96,"last_win=False,consec_rej=1",signal_filter,上次交易亏损出场（连续拒绝2次），跳过
2025-06-30,159915.SZ,2.133,2.125,34743.4,1,513100.SH:126200,1.96,"last_win=False,consec_rej=2",signal_filter,上次交易亏损出场（连续拒绝3次），跳过
2025-07-01,510500.SH,5.9372,5.9233,34743.4,1,513100.SH:126200,1.97,"last_win=False,consec_rej=2",signal_filter,上次交易亏损出场（连续拒绝3次），跳过
2025-07-03,159915.SZ,2.141,2.134,34743.4,1,513100.SH:126200,1.97,"last_win=False,consec_rej=3",zero_shares,现金不足: 34743 < 74518
2025-07-08,510500.SH,5.9859,5.9799,34743.4,1,513100.SH:126200,1.96,"last_win=False,consec_rej=3",zero_shares,现金不足: 34743 < 107762
2025-07-11,510500.SH,6.0444,6.0156,34743.4,1,513100.SH:126200,1.96,"last_win=False,consec_rej=3",zero_shares,现金不足: 34743 < 107002
2025-07-11,159915.SZ,2.185,2.183,34743.4,1,513100.SH:126200,1.96,"last_win=False,consec_rej=3",zero_shares,现金不足: 34743 < 75175
2025-07-15,159915.SZ,2.212,2.202,34743.4,1,513100.SH:126200,1.94,"last_win=False,consec_rej=3",zero_shares,现金不足: 34743 < 76768
2025-07-17,510500.SH,6.1,6.0821,34743.4,1,513100.SH:126200,1.94,"last_win=False,consec_rej=3",zero_shares,现金不足: 34743 < 109206
2025-07-17,159915.SZ,2.247,2.237,34743.4,1,513100.SH:126200,1.94,"last_win=False,consec_rej=3",zero_shares,现金不足: 34743 < 77308
2025-07-18,510500.SH,6.1189,6.102,34743.4,1,513100.SH:126200,1.93,"last_win=False,consec_rej=3",zero_shares,现金不足: 34743 < 111993
2025-07-18,159915.SZ,2.252,2.247,34743.4,1,513100.SH:126200,1.93,"last_win=False,consec_rej=3",zero_shares,现金不足: 34743 < 78156
2025-07-21,510500.SH,6.1794,6.1367,34743.4,1,513100.SH:126200,1.93,"last_win=False,consec_rej=3",zero_shares,现金不足: 34743 < 113718
2025-07-21,159915.SZ,2.275,2.274,34743.4,1,513100.SH:126200,1.93,"last_win=False,consec_rej=3",zero_shares,现金不足: 34743 < 80092
2025-07-22,510500.SH,6.2449,6.1814,34743.4,1,513100.SH:126200,1.93,"last_win=False,consec_rej=3",zero_shares,现金不足: 34743 < 113674
2025-07-22,159915.SZ,2.289,2.275,34743.4,1,513100.SH:126200,1.93,"last_win=False,consec_rej=3",zero_shares,现金不足: 34743 < 81958
2025-07-22,518880.SH,7.474,7.454,34743.4,1,513100.SH:126200,1.93,"last_win=False,consec_rej=0",signal_filter,上次交易亏损出场（连续拒绝1次），跳过
2025-07-23,518880.SH,7.548,7.489,34743.4,1,513100.SH:126200,1.93,"last_win=False,consec_rej=1",signal_filter,上次交易亏损出场（连续拒绝2次），跳过
2025-07-24,510500.SH,6.3154,6.2866,34743.4,1,513100.SH:126200,1.93,"last_win=False,consec_rej=3",zero_shares,现金不足: 34743 < 111168
2025-07-24,159915.SZ,2.325,2.31,34743.4,1,513100.SH:126200,1.93,"last_win=False,consec_rej=3",zero_shares,现金不足: 34743 < 83247
2025-07-28,510500.SH,6.3432,6.3293,34743.4,1,513100.SH:126200,1.91,"last_win=False,consec_rej=3",zero_shares,现金不足: 34743 < 115464
2025-07-28,159915.SZ,2.342,2.326,34743.4,1,513100.SH:126200,1.91,"last_win=False,consec_rej=3",zero_shares,现金不足: 34743 < 86433
2025-07-29,510500.SH,6.3829,6.3551,34743.4,1,513100.SH:126200,1.91,"last_win=False,consec_rej=3",zero_shares,现金不足: 34743 < 113633
2025-07-29,159915.SZ,2.383,2.344,34743.4,1,513100.SH:126200,1.91,"last_win=False,consec_rej=3",zero_shares,现金不足: 34743 < 85563
2025-08-11,510500.SH,6.4156,6.3948,135533.21,1,,0.0,"last_win=False,consec_rej=3",executed,shares=16700
2025-08-11,513100.SH,1.708,1.706,5705.74,2,510500.SH:16700,1.0,"last_win=True,consec_rej=0",executed,shares=76000
2025-08-12,159915.SZ,2.385,2.384,5705.74,2,"510500.SH:16700,513100.SH:76000",1.99,"last_win=False,consec_rej=3",zero_shares,现金不足: 5706 < 77047
2025-08-13,159915.SZ,2.473,2.385,5705.74,2,"510500.SH:16700,513100.SH:76000",1.97,"last_win=False,consec_rej=3",zero_shares,现金不足: 5706 < 75190
2025-08-15,159915.SZ,2.509,2.489,5705.74,2,"510500.SH:16700,513100.SH:76000",1.96,"last_win=False,consec_rej=3",zero_shares,现金不足: 5706 < 71768
2025-08-18,159915.SZ,2.582,2.518,5705.74,2,"510500.SH:16700,513100.SH:76000",1.95,"last_win=False,consec_rej=3",zero_shares,现金不足: 5706 < 68950
2025-08-22,159915.SZ,2.662,2.61,25301.41,1,510500.SH:33400,1.9,"last_win=False,consec_rej=3",zero_shares,现金不足: 25301 < 67359
2025-08-25,159915.SZ,2.737,2.663,25301.41,1,510500.SH:33400,1.87,"last_win=False,consec_rej=3",zero_shares,现金不足: 25301 < 67067
2025-08-28,159915.SZ,2.806,2.796,25301.41,1,510500.SH:33400,1.85,"last_win=False,consec_rej=3",zero_shares,现金不足: 25301 < 62022
2025-08-29,159915.SZ,2.865,2.807,25301.41,1,510500.SH:33400,1.85,"last_win=False,consec_rej=3",zero_shares,现金不足: 25301 < 59887
2025-09-01,159915.SZ,2.927,2.909,25301.41,1,510500.SH:33400,1.83,"last_win=False,consec_rej=3",zero_shares,现金不足: 25301 < 61183
2025-09-01,518880.SH,7.647,7.513,25301.41,1,510500.SH:33400,1.83,"last_win=False,consec_rej=2",signal_filter,上次交易亏损出场（连续拒绝3次），跳过
2025-09-02,518880.SH,7.67,7.658,25301.41,1,510500.SH:33400,1.87,"last_win=False,consec_rej=3",zero_shares,现金不足: 25301 < 192546
2025-09-03,518880.SH,7.768,7.75,25301.41,1,510500.SH:33400,1.89,"last_win=False,consec_rej=3",zero_shares,现金不足: 25301 < 181022
2025-09-08,518880.SH,7.847,7.795,75763.39,1,,0.0,"last_win=False,consec_rej=3",executed,shares=22200
2025-09-11,510500.SH,7.1699,7.156,9073.32,2,518880.SH:22200,1.02,"last_win=True,consec_rej=0",executed,shares=9300
2025-09-11,159915.SZ,3.025,2.954,9073.32,2,"518880.SH:22200,510500.SH:9300",2.01,"last_win=False,consec_rej=3",zero_shares,现金不足: 9073 < 44172
2025-09-15,159915.SZ,3.037,3.033,9073.32,2,"518880.SH:22200,510500.SH:9300",2.01,"last_win=False,consec_rej=3",zero_shares,现金不足: 9073 < 45258
2025-09-15,513100.SH,1.727,1.718,9073.32,2,"518880.SH:22200,510500.SH:9300",2.01,"last_win=False,consec_rej=0",signal_filter,上次交易亏损出场（连续拒绝1次），跳过
2025-09-16,513100.SH,1.736,1.727,9073.32,2,"518880.SH:22200,510500.SH:9300",1.98,"last_win=False,consec_rej=1",signal_filter,上次交易亏损出场（连续拒绝2次），跳过
2025-09-17,159915.SZ,3.119,3.08,9073.32,2,"518880.SH:22200,510500.SH:9300",1.99,"last_win=False,consec_rej=3",zero_shares,现金不足: 9073 < 47104
2025-09-18,513100.SH,1.744,1.741,9073.32,2,"518880.SH:22200,510500.SH:9300",2.01,"last_win=False,consec_rej=2",signal_filter,上次交易亏损出场（连续拒绝3次），跳过
2025-09-19,513100.SH,1.751,1.745,9073.32,2,"518880.SH:22200,510500.SH:9300",2.01,"last_win=False,consec_rej=3",zero_shares,现金不足: 9073 < 167946
2025-09-22,513100.SH,1.771,1.755,9073.32,2,"518880.SH:22200,510500.SH:9300",1.98,"last_win=False,consec_rej=3",zero_shares,现金不足: 9073 < 166499
2025-09-23,513100.SH,1.8,1.774,9073.32,2,"518880.SH:22200,510500.SH:9300",1.97,"last_win=False,consec_rej=3",zero_shares,现金不足: 9073 < 162024
2025-09-24,159915.SZ,3.16,3.141,9073.32,2,"518880.SH:22200,510500.SH:9300",1.95,"last_win=False,consec_rej=3",zero_shares,现金不足: 9073 < 47723
2025-09-25,159915.SZ,3.211,3.162,9073.32,2,"518880.SH:22200,510500.SH:9300",1.95,"last_win=False,consec_rej=3",zero_shares,现金不足: 9073 < 47530
2025-09-30,513100.SH,1.813,1.805,9073.32,2,"518880.SH:22200,510500.SH:9300",1.92,"last_win=False,consec_rej=3",zero_shares,现金不足: 9073 < 158480
2025-10-09,513100.SH,1.851,1.816,9073.32,2,"518880.SH:22200,510500.SH:9300",1.85,"last_win=False,consec_rej=3",zero_shares,现金不足: 9073 < 153656
2025-10-10,513100.SH,1.86,1.855,9073.32,2,"518880.SH:22200,510500.SH:9300",1.88,"last_win=False,consec_rej=3",zero_shares,现金不足: 9073 < 150311
2025-10-21,513100.SH,1.873,1.865,74728.91,1,518880.SH:22200,0.9,"last_win=False,consec_rej=3",zero_shares,现金不足: 74729 < 115019
2025-10-24,513100.SH,1.902,1.89,74728.91,1,518880.SH:22200,0.94,"last_win=False,consec_rej=3",zero_shares,现金不足: 74729 < 110523
2025-10-27,513100.SH,1.956,1.911,74728.91,1,518880.SH:22200,0.94,"last_win=False,consec_rej=3",zero_shares,现金不足: 74729 < 104662
2025-10-29,159915.SZ,3.3,3.297,218686.65,1,,0.0,"last_win=False,consec_rej=3",executed,shares=14200
2025-10-29,513100.SH,2.0,1.991,123072.31,2,159915.SZ:14200,0.99,"last_win=False,consec_rej=3",executed,shares=47800
2025-12-12,518880.SH,9.227,9.204,148874.97,1,,0.0,"last_win=True,consec_rej=0",executed,shares=11800
2025-12-22,510500.SH,7.3129,7.2632,39329.76,1,518880.SH:23600,1.97,"last_win=False,consec_rej=0",signal_filter,上次交易亏损出场（连续拒绝1次），跳过
2025-12-24,510500.SH,7.4141,7.3615,39329.76,1,518880.SH:23600,1.95,"last_win=False,consec_rej=1",signal_filter,上次交易亏损出场（连续拒绝2次），跳过
2025-12-25,510500.SH,7.4776,7.4359,39329.76,1,518880.SH:23600,1.96,"last_win=False,consec_rej=2",signal_filter,上次交易亏损出场（连续拒绝3次），跳过
2025-12-26,510500.SH,7.5233,7.4985,39329.76,1,518880.SH:23600,1.95,"last_win=False,consec_rej=3",zero_shares,现金不足: 39330 < 89541
2026-01-05,510500.SH,7.7337,7.5679,170623.03,1,,0.0,"last_win=False,consec_rej=3",executed,shares=11400
2026-01-05,159915.SZ,3.281,3.252,170623.03,1,510500.SH:11400,1.0,"last_win=False,consec_rej=0",signal_filter,上次交易亏损出场（连续拒绝1次），跳过
2026-01-06,159915.SZ,3.303,3.281,81800.29,1,510500.SH:22800,1.97,"last_win=False,consec_rej=1",signal_filter,上次交易亏损出场（连续拒绝2次），跳过
2026-01-07,159915.SZ,3.311,3.305,81800.29,1,510500.SH:22800,1.96,"last_win=False,consec_rej=2",signal_filter,上次交易亏损出场（连续拒绝3次），跳过
2026-01-12,159915.SZ,3.371,3.336,16730.23,2,510500.SH:22800,1.9,"last_win=False,consec_rej=3",executed,shares=19300
2026-01-12,518880.SH,9.777,9.722,16730.23,2,"510500.SH:22800,159915.SZ:19300",2.88,"last_win=True,consec_rej=0",zero_shares,现金不足: 16730 < 105607
2026-01-13,518880.SH,9.793,9.791,16730.23,2,"510500.SH:22800,159915.SZ:19300",2.92,"last_win=True,consec_rej=0",zero_shares,现金不足: 16730 < 107739
2026-01-14,518880.SH,9.922,9.825,16730.23,2,"510500.SH:22800,159915.SZ:19300",2.9,"last_win=True,consec_rej=0",zero_shares,现金不足: 16730 < 109158
2026-01-19,518880.SH,10.006,9.925,16730.23,2,"510500.SH:22800,159915.SZ:19300",2.9,"last_win=True,consec_rej=0",zero_shares,现金不足: 16730 < 114086
2026-01-20,518880.SH,10.082,10.009,79696.69,1,510500.SH:22800,1.92,"last_win=True,consec_rej=0",zero_shares,现金不足: 79697 < 113944
2026-01-21,518880.SH,10.377,10.095,79696.69,1,510500.SH:22800,1.9,"last_win=True,consec_rej=0",zero_shares,现金不足: 79697 < 105861
2026-01-23,518880.SH,10.617,10.501,79696.69,1,510500.SH:22800,1.85,"last_win=True,consec_rej=0",zero_shares,现金不足: 79697 < 103000
2026-01-26,518880.SH,10.924,10.643,79696.69,1,510500.SH:22800,1.88,"last_win=True,consec_rej=0",zero_shares,现金不足: 79697 < 98331
2026-01-28,518880.SH,11.28,10.955,79696.69,1,510500.SH:22800,1.86,"last_win=True,consec_rej=0",zero_shares,现金不足: 79697 < 98151
2026-01-29,518880.SH,11.904,11.288,79696.69,1,510500.SH:22800,1.87,"last_win=True,consec_rej=0",zero_shares,现金不足: 79697 < 88103
2026-04-08,513100.SH,1.833,1.8,263186.36,0,,0.0,"last_win=False,consec_rej=0",signal_filter,上次交易亏损出场（连续拒绝1次），跳过
2026-04-10,159915.SZ,3.437,3.417,263186.36,0,,0.0,"last_win=False,consec_rej=0",signal_filter,上次交易亏损出场（连续拒绝1次），跳过
2026-04-13,159915.SZ,3.468,3.462,263186.36,0,,0.0,"last_win=False,consec_rej=1",signal_filter,上次交易亏损出场（连续拒绝2次），跳过
2026-04-14,159915.SZ,3.55,3.485,263186.36,0,,0.0,"last_win=False,consec_rej=2",signal_filter,上次交易亏损出场（连续拒绝3次），跳过
2026-04-15,513100.SH,1.864,1.841,263186.36,0,,0.0,"last_win=False,consec_rej=1",signal_filter,上次交易亏损出场（连续拒绝2次），跳过
2026-04-16,510500.SH,8.253,8.235,202930.42,1,,0.0,"last_win=True,consec_rej=0",executed,shares=7300
2026-04-16,159915.SZ,3.624,3.595,148924.72,2,510500.SH:7300,0.99,"last_win=False,consec_rej=3",executed,shares=14900
2026-04-16,513100.SH,1.907,1.874,148924.72,2,"510500.SH:7300,159915.SZ:14900",1.99,"last_win=False,consec_rej=2",signal_filter,上次交易亏损出场（连续拒绝3次），跳过
2026-04-27,513100.SH,1.945,1.917,33353.97,2,"510500.SH:14600,159915.SZ:29800",3.96,"last_win=False,consec_rej=3",zero_shares,现金不足: 33354 < 83842
2026-04-28,513100.SH,1.963,1.947,33353.97,2,"510500.SH:14600,159915.SZ:29800",4.0,"last_win=False,consec_rej=3",zero_shares,现金不足: 33354 < 84618
2026-05-06,513100.SH,2.01,1.979,33353.97,2,"510500.SH:14600,159915.SZ:29800",3.84,"last_win=False,consec_rej=3",zero_shares,现金不足: 33354 < 87649
2026-05-07,513100.SH,2.054,2.029,33353.97,2,"510500.SH:14600,159915.SZ:29800",3.79,"last_win=False,consec_rej=3",zero_shares,现金不足: 33354 < 88541
2026-05-08,513100.SH,2.065,2.058,33353.97,2,"510500.SH:14600,159915.SZ:29800",3.81,"last_win=False,consec_rej=3",zero_shares,现金不足: 33354 < 89428
2026-05-11,513100.SH,2.108,2.066,33353.97,2,"510500.SH:14600,159915.SZ:29800",3.72,"last_win=False,consec_rej=3",zero_shares,现金不足: 33354 < 91290
2026-05-22,513100.SH,2.146,2.126,33353.97,2,"510500.SH:14600,159915.SZ:29800",3.77,"last_win=False,consec_rej=3",zero_shares,现金不足: 33354 < 86711
2026-05-25,513100.SH,2.231,2.15,33353.97,2,"510500.SH:14600,159915.SZ:29800",3.71,"last_win=False,consec_rej=3",zero_shares,现金不足: 33354 < 80997
2026-05-29,513100.SH,2.273,2.27,26723.58,2,159915.SZ:44700,2.78,"last_win=False,consec_rej=3",executed,shares=32800
2026-06-18,159915.SZ,4.269,4.23,76375.26,2,513100.SH:65600,2.1,"last_win=True,consec_rej=0",executed,shares=10800
2026-06-22,510500.SH,9.007,8.863,385.94,2,"513100.SH:98400,159915.SZ:10800",4.17,"last_win=True,consec_rej=0",zero_shares,现金不足: 386 < 61257
2026-06-25,510500.SH,9.085,9.028,385.94,2,"513100.SH:98400,159915.SZ:10800",4.23,"last_win=True,consec_rej=0",zero_shares,现金不足: 386 < 59970
